"","sim","jd_11","jd_12","jd_13","jd_21","jd_22","jd_23","jd_31","jd_32","jd_33","p1_payoff","p2_payoff","regret"
"1",1,0,0.0125,0.0025,0.2775,0,0.475,0.1425,0.0775,0.0125,134.5,161.75,"counterfactual"
"2",2,0.005,0.4425,0.22,0.055,0.005,0.1075,0.005,0.1575,0.0025,142,154.25,"counterfactual"
"3",3,0.0125,0.4,0.285,0.0675,0.015,0.16,0.03,0.015,0.015,132.5,154.75,"counterfactual"
"4",4,0,0.2775,0.405,0.095,0,0.195,0.0225,0.0025,0.0025,150,149.25,"counterfactual"
"5",5,0.035,0.23,0.105,0,0.0075,0.0325,0.1025,0.4875,0,155,132.25,"counterfactual"
"6",6,0,0.0125,0.07,0.245,0,0.51,0.1025,0.05,0.01,135.5,161.5,"counterfactual"
"7",7,0,0.005,0.405,0.1475,0.005,0.325,0.065,0.0325,0.015,156.5,137.5,"counterfactual"
"8",8,0.0075,0.42,0.2075,0.0325,0,0.1,0.01,0.2225,0,145.5,152.25,"counterfactual"
"9",9,0.015,0.06,0.48,0.1075,0.01,0.2425,0.06,0.0125,0.0125,156.25,132.5,"counterfactual"
"10",10,0.195,0.0875,0.055,0.06,0.1825,0.09,0.085,0.0625,0.1825,61.75,70.25,"counterfactual"
"11",11,0.0075,0.49,0.295,0.045,0.0025,0.145,0.015,0,0,133,164,"counterfactual"
"12",12,0.0125,0.04,0.01,0.295,0.01,0.3825,0.155,0.08,0.015,134.75,154,"counterfactual"
"13",13,0.0075,0.015,0.2875,0.19,0.01,0.3625,0.08,0.0475,0,150.75,144,"counterfactual"
"14",14,0,0.0075,0.275,0.19,0.0075,0.38,0.1,0.04,0,149.75,148,"counterfactual"
"15",15,0.0025,0.205,0.095,0.005,0.0125,0.0225,0.2775,0.38,0,146.5,149,"counterfactual"
"16",16,0,0.1625,0.085,0,0.0025,0.02,0.4125,0.3175,0,140,159.25,"counterfactual"
"17",17,0,0.255,0.1225,0,0.01,0.0325,0.0775,0.5025,0,161.5,135.5,"counterfactual"
"18",18,0,0.4675,0.245,0.05,0.01,0.12,0,0.0875,0.02,135.25,155.75,"counterfactual"
"19",19,0.0125,0.4875,0.25,0.035,0.005,0.125,0,0.085,0,135.25,159.5,"counterfactual"
"20",20,0.0125,0.0025,0.2625,0.2,0,0.3875,0.1,0.0275,0.0075,147,147,"counterfactual"
"21",21,0.01,0.0025,0.4975,0.14,0,0.27,0.065,0.015,0,164.25,132.75,"counterfactual"
"22",22,0,0.0125,0.49,0.1375,0.025,0.2525,0.0475,0.0075,0.0275,158.25,126,"counterfactual"
"23",23,0.01,0.02,0.5075,0.125,0,0.2375,0.0675,0.025,0.0075,164,130.75,"counterfactual"
"24",24,0,0.03,0,0.3075,0,0.425,0.1475,0.0825,0.0075,138.25,159.5,"counterfactual"
"25",25,0,0.17,0.09,0,0,0.01,0.4175,0.3125,0,140.25,159.75,"counterfactual"
"26",26,0,0.345,0.1775,0,0.015,0.075,0,0.3875,0,155,140.5,"counterfactual"
"27",27,0,0.3,0.415,0.0825,0,0.1925,0.01,0,0,149.75,150.25,"counterfactual"
"28",28,0,0,0.185,0.2225,0.0125,0.4325,0.1025,0.045,0,144,152.25,"counterfactual"
"29",29,0,0,0.315,0.19,0.0025,0.395,0.08,0.0175,0,152,147.25,"counterfactual"
"30",30,0.0125,0.405,0.3275,0.07,0,0.15,0.035,0,0,138.5,157.75,"counterfactual"
"31",31,0,0.005,0.365,0.1675,0.005,0.335,0.0775,0.04,0.005,156.25,140.75,"counterfactual"
"32",32,0,0.2375,0.11,0.005,0.015,0.0575,0.1,0.47,0.005,156.5,137.5,"counterfactual"
"33",33,0.0325,0.3175,0.145,0.0325,0.0175,0.085,0.015,0.3475,0.0075,146.75,136,"counterfactual"
"34",34,0,0.0525,0,0.515,0,0.0525,0.245,0.1275,0.0075,163.5,134.25,"counterfactual"
"35",35,0.0175,0.0025,0,0.4425,0.0175,0.2325,0.22,0.0675,0,147.5,142,"counterfactual"
"36",36,0.0025,0.06,0.0125,0.4425,0.01,0.125,0.2225,0.1175,0.0075,155.25,138.75,"counterfactual"
"37",37,0.0025,0.0325,0,0.4125,0,0.2875,0.1825,0.0825,0,149.25,150,"counterfactual"
"38",38,0,0.2475,0.11,0.0225,0.015,0.045,0.055,0.5025,0.0025,161.75,133,"counterfactual"
"39",39,0.0125,0.0575,0.0125,0.485,0,0,0.2775,0.14,0.015,161,130.75,"counterfactual"
"40",40,0.0275,0.0825,0.01,0.17,0.0425,0.0025,0.4025,0.2125,0.05,127.25,136.75,"counterfactual"
"41",41,0.0075,0.0525,0.025,0.455,0.0075,0.1225,0.23,0.095,0.005,155.5,138.5,"counterfactual"
"42",42,0,0.155,0.0775,0.0075,0,0.04,0.3625,0.345,0.0125,141.75,154.5,"counterfactual"
"43",43,0,0.1775,0.075,0.0075,0.0075,0.0475,0.2925,0.3725,0.02,142.75,149,"counterfactual"
"44",44,0,0.13,0.4875,0.1025,0.0025,0.2225,0.05,0.0025,0.0025,158.75,139.75,"counterfactual"
"45",45,0,0.27,0.1475,0.01,0.0075,0.0625,0,0.5025,0,165.25,132.5,"counterfactual"
"46",46,0,0.3325,0.1475,0.0325,0,0.085,0,0.4025,0,158.25,141.75,"counterfactual"
"47",47,0.0225,0.0875,0.0075,0.3,0.0025,0.015,0.375,0.185,0.005,146.25,144.75,"counterfactual"
"48",48,0,0.27,0.1275,0.0125,0.01,0.055,0,0.525,0,165.5,131.5,"counterfactual"
"49",49,0.01,0.3825,0.2025,0.0225,0,0.09,0,0.2925,0,150.75,146.25,"counterfactual"
"50",50,0.01,0.1125,0.0475,0.205,0.015,0,0.4025,0.2075,0,143.5,149,"counterfactual"
"51",51,0,0.0275,0.53,0.1275,0,0.265,0.05,0,0,165.75,134.25,"counterfactual"
"52",52,0,0.02,0.1425,0.2125,0,0.45,0.1025,0.0575,0.015,139.75,155.75,"counterfactual"
"53",53,0,0,0.4625,0.145,0.005,0.31,0.0625,0.015,0,161.75,136.75,"counterfactual"
"54",54,0,0.4475,0.2425,0.0425,0.0125,0.125,0.0075,0.1,0.0225,135,154.5,"counterfactual"
"55",55,0.0025,0.485,0.2925,0.0625,0,0.135,0.0225,0,0,135.25,164,"counterfactual"
"56",56,0.0025,0.1225,0.0475,0.0575,0,0.01,0.5,0.2525,0.0075,134.75,162.25,"counterfactual"
"57",57,0.01,0.0175,0.1675,0.22,0.0025,0.42,0.1075,0.0525,0.0025,142.5,153,"counterfactual"
"58",58,0.01,0.13,0.4475,0.12,0.01,0.23,0.0525,0,0,154.75,139.25,"counterfactual"
"59",59,0.0075,0.0825,0.01,0.2025,0.02,0.0175,0.415,0.23,0.015,140,147.25,"counterfactual"
"60",60,0.0025,0.01,0.4175,0.1625,0.005,0.3075,0.075,0.02,0,159.25,138.5,"counterfactual"
"61",61,0,0.12,0.0625,0,0.005,0.03,0.51,0.2675,0.005,132,165,"counterfactual"
"62",62,0.0075,0.0825,0.0375,0.3225,0,0.0025,0.3625,0.1775,0.0075,152.25,143.25,"counterfactual"
"63",63,0.01,0.1225,0.0275,0.1175,0,0,0.4775,0.245,0,138,159,"counterfactual"
"64",64,0,0.2525,0.1225,0,0,0.0425,0.04,0.5225,0.02,162.5,131.5,"counterfactual"
"65",65,0.005,0.1125,0.055,0.0975,0.0075,0.0325,0.455,0.2325,0.0025,137,158.5,"counterfactual"
"66",66,0.01,0.21,0.1,0.0075,0.01,0.0425,0.155,0.465,0,155.25,138.75,"counterfactual"
"67",67,0,0,0.2875,0.18,0.0075,0.395,0.095,0.035,0,149.5,148.25,"counterfactual"
"68",68,0,0.13,0.0625,0.0075,0,0.0325,0.51,0.2575,0,132.75,167.25,"counterfactual"
"69",69,0,0,0.3125,0.2,0.005,0.3725,0.0825,0.025,0.0025,153,144.75,"counterfactual"
"70",70,0,0.03,0,0.2625,0,0.4775,0.1325,0.0725,0.025,131,161.5,"counterfactual"
"71",71,0,0.0425,0,0.3375,0.0125,0.37,0.1575,0.08,0,140.5,155.75,"counterfactual"
"72",72,0.0025,0,0.4975,0.1375,0,0.2725,0.065,0.025,0,165.75,133.5,"counterfactual"
"73",73,0,0.3,0.375,0.1025,0.0125,0.1825,0.0275,0,0,146.5,149.75,"counterfactual"
"74",74,0,0.0475,0,0.515,0,0,0.2725,0.155,0.01,166,131,"counterfactual"
"75",75,0.0025,0.3375,0.345,0.1,0,0.19,0.025,0,0,144.25,155,"counterfactual"
"76",76,0,0.4575,0.3125,0.05,0,0.17,0,0,0.01,135.25,161.75,"counterfactual"
"77",77,0.0125,0.1675,0.4525,0.0975,0,0.22,0.045,0.005,0,154.25,142,"counterfactual"
"78",78,0.01,0.005,0.0425,0.2525,0,0.5,0.1275,0.045,0.0175,131.25,160.5,"counterfactual"
"79",79,0.0175,0.41,0.325,0.0775,0,0.1625,0.0075,0,0,138.5,156.25,"counterfactual"
"80",80,0,0.0625,0.005,0.51,0.005,0.0375,0.245,0.13,0.005,163.5,133.5,"counterfactual"
"81",81,0,0.4575,0.3075,0.0675,0,0.1675,0,0,0,137.5,162.5,"counterfactual"
"82",82,0,0.1675,0.06,0,0.01,0.005,0.4525,0.2875,0.0175,132,159.75,"counterfactual"
"83",83,0.0025,0.1375,0.085,0.0025,0,0.0275,0.445,0.28,0.02,134.5,158.75,"counterfactual"
"84",84,0.0125,0.0625,0.03,0.4725,0,0.01,0.2775,0.1325,0.0025,162,133.5,"counterfactual"
"85",85,0.015,0.105,0.0175,0.305,0,0,0.3675,0.19,0,149.75,145.75,"counterfactual"
"86",86,0.0025,0.455,0.2875,0.07,0.025,0.13,0.03,0,0,133,158.75,"counterfactual"
"87",87,0.005,0.115,0.06,0.1175,0.005,0.025,0.4425,0.225,0.005,138.75,156.75,"counterfactual"
"88",88,0,0.1225,0.0675,0,0,0.0225,0.47,0.2875,0.03,132.5,158.5,"counterfactual"
"89",89,0.0125,0.2175,0.1025,0.0125,0,0.0425,0.165,0.4325,0.015,152,139.75,"counterfactual"
"90",90,0.0075,0.4225,0.3075,0.075,0.015,0.1625,0.01,0,0,136,157.25,"counterfactual"
"91",91,0.01,0.1625,0.45,0.1075,0,0.2275,0.0425,0,0,154.75,142.25,"counterfactual"
"92",92,0,0.14,0.06,0.0275,0.0275,0.035,0.425,0.285,0,134.5,157.25,"counterfactual"
"93",93,0,0,0.315,0.175,0.0075,0.3825,0.09,0.03,0,151.25,146.5,"counterfactual"
"94",94,0.0325,0.37,0.1925,0.0325,0.015,0.08,0.0175,0.24,0.02,139.75,140,"counterfactual"
"95",95,0.02,0.025,0.0075,0.4075,0,0.205,0.22,0.1075,0.0075,149.5,142.25,"counterfactual"
"96",96,0.0375,0.025,0.035,0.4275,0.025,0.025,0.255,0.145,0.025,152,121.75,"counterfactual"
"97",97,0,0.355,0.1775,0.005,0.01,0.085,0,0.3675,0,154,143,"counterfactual"
"98",98,0,0.1125,0.4625,0.1175,0,0.235,0.0475,0.02,0.005,159.5,139,"counterfactual"
"99",99,0.005,0.1125,0.035,0.1425,0,0,0.4575,0.2425,0.005,141,156,"counterfactual"
"100",100,0,0.2025,0.0775,0.01,0.02,0.005,0.2925,0.37,0.0225,141.5,145.75,"counterfactual"
"101",101,0,0.1625,0.0525,0,0.015,0.0175,0.425,0.3275,0,136.5,159,"counterfactual"
"102",102,0.0125,0.0475,0,0.4275,0,0,0.33,0.1725,0.01,157.75,135.5,"counterfactual"
"103",103,0.02,0.17,0.4275,0.105,0.0075,0.2075,0.05,0.0125,0,151.75,140,"counterfactual"
"104",104,0,0.195,0.43,0.1125,0.0025,0.1975,0.0575,0.0025,0.0025,154,144.5,"counterfactual"
"105",105,0,0.0225,0.1425,0.2125,0,0.445,0.1,0.055,0.0225,138.75,154.5,"counterfactual"
"106",106,0.03,0.2225,0.42,0.095,0,0.185,0.0475,0,0,148.5,142.5,"counterfactual"
"107",107,0.0025,0,0.2475,0.205,0.0025,0.4025,0.095,0.045,0,149.25,149.25,"counterfactual"
"108",108,0,0.315,0.15,0.03,0.0075,0.075,0,0.4225,0,159.5,138.25,"counterfactual"
"109",109,0.005,0.0125,0,0.3325,0,0.375,0.1825,0.0925,0,142,156.5,"counterfactual"
"110",110,0,0.025,0.2575,0.175,0.0275,0.3625,0.0875,0.0575,0.0075,145.5,144,"counterfactual"
"111",111,0,0.1025,0.0125,0.27,0.0175,0.0075,0.39,0.2,0,146.5,148.25,"counterfactual"
"112",112,0.0025,0.015,0,0.305,0,0.455,0.1525,0.07,0,137.25,162,"counterfactual"
"113",113,0,0.005,0.4775,0.1425,0,0.2775,0.0725,0.025,0,164.5,135.5,"counterfactual"
"114",114,0.015,0.0375,0.0175,0.36,0,0.2875,0.1975,0.085,0,144.75,150.75,"counterfactual"
"115",115,0,0.2425,0.135,0,0,0.035,0.0725,0.515,0,165,135,"counterfactual"
"116",116,0.01,0.055,0.0175,0.4775,0,0.0875,0.2375,0.115,0,160,137,"counterfactual"
"117",117,0.0075,0.0075,0.2875,0.1925,0,0.38,0.08,0.035,0.01,149.75,145,"counterfactual"
"118",118,0.01,0.2475,0.38,0.0975,0,0.19,0.045,0,0.03,143.75,144.25,"counterfactual"
"119",119,0.005,0.025,0,0.5075,0.015,0.0725,0.2475,0.1275,0,161.5,132.5,"counterfactual"
"120",120,0,0.0325,0.005,0.3325,0.015,0.3625,0.1625,0.085,0.005,140.25,153.75,"counterfactual"
"121",121,0.005,0.05,0.015,0.4575,0.0375,0.085,0.215,0.11,0.025,151.5,128.25,"counterfactual"
"122",122,0.015,0.07,0.51,0.1175,0,0.245,0.0425,0,0,161.25,134.25,"counterfactual"
"123",123,0,0.165,0.0825,0,0,0.01,0.3675,0.36,0.015,142.75,152.75,"counterfactual"
"124",124,0.0125,0.08,0.0125,0.4175,0,0,0.3075,0.155,0.015,155.75,136,"counterfactual"
"125",125,0.005,0.37,0.3425,0.09,0,0.1825,0.01,0,0,142.75,155.75,"counterfactual"
"126",126,0.0175,0.0425,0.01,0.365,0.0025,0.285,0.1875,0.09,0,144.5,149.5,"counterfactual"
"127",127,0,0.0725,0.0325,0.4525,0.0075,0,0.3,0.135,0,161.25,136.5,"counterfactual"
"128",128,0,0.2075,0.115,0,0,0.0525,0.1925,0.425,0.0075,153.25,144.5,"counterfactual"
"129",129,0,0.185,0.1025,0.01,0.005,0.0425,0.225,0.4225,0.0075,152.25,144,"counterfactual"
"130",130,0.0075,0.0925,0.02,0.3,0.0075,0.0125,0.3675,0.19,0.0025,149.25,145.5,"counterfactual"
"131",131,0.005,0.25,0.11,0,0.005,0.0475,0.0475,0.515,0.02,159.5,131.5,"counterfactual"
"132",132,0.045,0.355,0.1925,0.0075,0.035,0.06,0,0.305,0,142.5,133.5,"counterfactual"
"133",133,0,0.1925,0.095,0.0075,0.02,0.05,0.235,0.3975,0.0025,147.75,145.5,"counterfactual"
"134",134,0,0.1575,0.0925,0,0,0.035,0.3725,0.3425,0,143.5,156.5,"counterfactual"
"135",135,0.035,0.0275,0,0.45,0.0225,0.1875,0.21,0.0675,0,146,136.75,"counterfactual"
"136",136,0.02,0,0.3325,0.17,0,0.3425,0.1,0.035,0,151.75,142.25,"counterfactual"
"137",137,0,0.1,0.0375,0.2375,0.01,0,0.42,0.195,0,146,151,"counterfactual"
"138",138,0,0.025,0.0125,0.345,0.005,0.3325,0.185,0.08,0.015,141.75,152.25,"counterfactual"
"139",139,0.0125,0.01,0.4275,0.13,0.01,0.3175,0.065,0.0275,0,156.25,137,"counterfactual"
"140",140,0.03,0.0375,0.475,0.1275,0.01,0.2375,0.0625,0.02,0,158.25,129.75,"counterfactual"
"141",141,0.0025,0.0975,0.045,0.2125,0,0.0175,0.4,0.2075,0.0175,144.5,149.5,"counterfactual"
"142",142,0,0.23,0.12,0,0,0.025,0.15,0.4725,0.0025,159,140.25,"counterfactual"
"143",143,0.0075,0.0025,0,0.275,0.01,0.5,0.155,0.05,0,130.75,164,"counterfactual"
"144",144,0,0.0525,0.0025,0.4475,0.015,0.1525,0.22,0.1075,0.0025,154,140.75,"counterfactual"
"145",145,0,0,0.495,0.13,0,0.2875,0.0575,0.0225,0.0075,164,133.75,"counterfactual"
"146",146,0.0075,0.2175,0.425,0.1075,0,0.21,0.0325,0,0,152.5,145.25,"counterfactual"
"147",147,0.01,0.32,0.155,0.0175,0,0.0775,0,0.42,0,158.25,138.75,"counterfactual"
"148",148,0.0325,0.0425,0,0.2925,0.0175,0.4025,0.1325,0.0625,0.0175,128.75,151,"counterfactual"
"149",149,0.0075,0.445,0.22,0.045,0,0.11,0.0075,0.16,0.005,141.25,155,"counterfactual"
"150",150,0,0.0525,0.025,0.445,0.01,0.145,0.2175,0.105,0,156.5,140.5,"counterfactual"
"151",151,0,0,0.395,0.145,0.0075,0.3425,0.0775,0.03,0.0025,156,141,"counterfactual"
"152",152,0,0.03,0,0.3,0.01,0.435,0.1525,0.065,0.0075,134.75,160,"counterfactual"
"153",153,0.015,0.0275,0.04,0.255,0,0.4825,0.1275,0.0525,0,133.25,162.25,"counterfactual"
"154",154,0,0.5175,0.2575,0.0675,0.01,0.11,0.025,0.0125,0,132.75,164.25,"counterfactual"
"155",155,0,0.0175,0.11,0.2325,0,0.47,0.115,0.0525,0.0025,139.25,160,"counterfactual"
"156",156,0.005,0.11,0.04,0.1425,0.0175,0,0.4575,0.2275,0,138.75,154.5,"counterfactual"
"157",157,0,0.0925,0.03,0.34,0,0,0.3675,0.165,0.005,153,145.5,"counterfactual"
"158",158,0,0.4825,0.2475,0.055,0,0.1175,0.025,0.07,0.0025,137,162.25,"counterfactual"
"159",159,0.0125,0.1725,0.4275,0.1025,0,0.21,0.0425,0.0125,0.02,151,139.25,"counterfactual"
"160",160,0.01,0.0125,0,0.3525,0,0.3625,0.18,0.0825,0,142.5,154.5,"counterfactual"
"161",161,0.0175,0.445,0.225,0.055,0,0.1025,0,0.155,0,141.75,153,"counterfactual"
"162",162,0.0175,0.065,0.0075,0.2525,0.01,0.01,0.43,0.1925,0.015,141,146.25,"counterfactual"
"163",163,0,0,0.355,0.1875,0.015,0.37,0.0675,0.005,0,153.25,142.25,"counterfactual"
"164",164,0,0.0375,0.0025,0.46,0.0075,0.12,0.2375,0.125,0.01,157,137.75,"counterfactual"
"165",165,0.0125,0.23,0.41,0.1,0.015,0.1925,0.04,0,0,148.25,143.5,"counterfactual"
"166",166,0.055,0.0075,0.05,0.2475,0.04,0.455,0.12,0.025,0,122.75,148.75,"counterfactual"
"167",167,0.0125,0.1025,0.475,0.1125,0,0.2325,0.0575,0.0025,0.005,157.25,137.5,"counterfactual"
"168",168,0,0,0.2875,0.1975,0.0125,0.3825,0.1025,0.0175,0,149,147.25,"counterfactual"
"169",169,0,0.095,0.0475,0.2575,0,0.015,0.3825,0.1925,0.01,148.75,148.25,"counterfactual"
"170",170,0,0.15,0.0775,0.01,0.005,0.035,0.405,0.3025,0.015,137,157,"counterfactual"
"171",171,0,0.1475,0.4775,0.1025,0.0075,0.23,0.0275,0.0025,0.005,157,139.25,"counterfactual"
"172",172,0,0.0675,0.0275,0.4975,0,0,0.2725,0.13,0.005,165,133.5,"counterfactual"
"173",173,0.0025,0.47,0.2775,0.0775,0.005,0.145,0.0225,0,0,134.75,163,"counterfactual"
"174",174,0.0175,0.505,0.25,0.065,0.015,0.1175,0.0275,0.0025,0,128.5,161.75,"counterfactual"
"175",175,0.025,0.3675,0.19,0.0175,0.0275,0.0625,0,0.31,0,146.5,137.75,"counterfactual"
"176",176,0,0.1475,0.0775,0,0.01,0.025,0.3975,0.3425,0,141,156,"counterfactual"
"177",177,0,0.06,0.4675,0.115,0,0.2575,0.0575,0.025,0.0175,159,135.75,"counterfactual"
"178",178,0,0.1225,0.0475,0,0,0.0175,0.515,0.2775,0.02,130.5,163.5,"counterfactual"
"179",179,0.015,0.19,0.0925,0.0075,0,0.035,0.2775,0.3675,0.015,143.75,147.25,"counterfactual"
"180",180,0,0.1425,0.0675,0,0.0075,0.03,0.4725,0.28,0,134,163.75,"counterfactual"
"181",181,0.0025,0.115,0.065,0.0125,0,0.025,0.5075,0.2525,0.02,130.75,162.5,"counterfactual"
"182",182,0.0125,0.015,0,0.2875,0.015,0.4525,0.1375,0.08,0,134,157.75,"counterfactual"
"183",183,0.01,0.1375,0.045,0.005,0.0125,0.015,0.5025,0.2675,0.005,129,162.75,"counterfactual"
"184",184,0,0.1825,0.0825,0,0.0025,0.015,0.3675,0.3475,0.0025,142.5,156,"counterfactual"
"185",185,0,0.18,0.3975,0.1075,0.015,0.1975,0.045,0.0125,0.045,145.75,136.25,"counterfactual"
"186",186,0.005,0.055,0.02,0.475,0,0.0825,0.245,0.1175,0,160.75,137.75,"counterfactual"
"187",187,0.005,0.06,0.015,0.4825,0.0025,0,0.2825,0.13,0.0225,159.75,131.25,"counterfactual"
"188",188,0,0.5225,0.27,0.06,0,0.1475,0,0,0,133,167,"counterfactual"
"189",189,0.01,0.0325,0.01,0.295,0,0.4375,0.14,0.0625,0.0125,134.5,158.75,"counterfactual"
"190",190,0,0.02,0.0425,0.245,0,0.5,0.12,0.0575,0.015,133,162.5,"counterfactual"
"191",191,0,0,0.1875,0.2,0,0.4475,0.1125,0.0525,0,144,156,"counterfactual"
"192",192,0,0.1425,0.045,0,0.015,0.015,0.4925,0.29,0,132,163.5,"counterfactual"
"193",193,0.0025,0.4275,0.2925,0.0725,0.01,0.1475,0.025,0.01,0.0125,135,157.5,"counterfactual"
"194",194,0.0025,0.015,0,0.2975,0,0.46,0.145,0.0575,0.0225,133,159.5,"counterfactual"
"195",195,0,0.01,0.0775,0.245,0,0.495,0.1025,0.045,0.025,134.25,158.25,"counterfactual"
"196",196,0.005,0.04,0.015,0.3025,0.005,0.395,0.1525,0.08,0.005,138.25,157.25,"counterfactual"
"197",197,0.0125,0.4475,0.2325,0.055,0.005,0.115,0.025,0.1075,0,137.75,157,"counterfactual"
"198",198,0,0,0.5075,0.12,0.005,0.26,0.0675,0.03,0.01,164.25,131.25,"counterfactual"
"199",199,0,0.255,0.4325,0.1,0,0.1875,0.0225,0,0.0025,153,146.25,"counterfactual"
"200",200,0.0025,0.21,0.1025,0.0075,0.0075,0.0525,0.19,0.415,0.0125,150.25,143,"counterfactual"
"201",201,0,0.4,0.19,0.0375,0.0025,0.1,0,0.27,0,149.5,149.75,"counterfactual"
"202",202,0.0075,0.0725,0.0275,0.3425,0,0.0025,0.3525,0.1875,0.0075,154.25,141.25,"counterfactual"
"203",203,0,0.4675,0.2275,0.0325,0.015,0.125,0,0.1325,0,137.75,157.75,"counterfactual"
"204",204,0,0.0175,0.095,0.235,0.01,0.475,0.105,0.0575,0.005,137.25,158.25,"counterfactual"
"205",205,0.015,0.375,0.1775,0.0325,0,0.09,0.01,0.29,0.01,147.5,145,"counterfactual"
"206",206,0.0075,0.45,0.2175,0.0525,0.0225,0.1075,0,0.1425,0,138.25,152.75,"counterfactual"
"207",207,0.0225,0.22,0.4025,0.0925,0.0175,0.19,0.0475,0.0075,0,146.25,141.75,"counterfactual"
"208",208,0,0.1475,0.455,0.1075,0,0.2375,0.05,0,0.0025,156,143.25,"counterfactual"
"209",209,0,0.0075,0.24,0.195,0.015,0.4,0.095,0.0475,0,146.75,148.75,"counterfactual"
"210",210,0,0.045,0,0.3625,0,0.2925,0.1875,0.1075,0.005,146.5,152,"counterfactual"
"211",211,0,0,0.185,0.2175,0.0025,0.44,0.12,0.035,0,143.5,155.75,"counterfactual"
"212",212,0.0175,0.435,0.225,0.0425,0,0.09,0.0125,0.175,0.0025,142.25,151.75,"counterfactual"
"213",213,0.005,0.03,0.01,0.3575,0,0.3,0.1925,0.1,0.005,145.75,151.25,"counterfactual"
"214",214,0,0,0.01,0.2625,0.0075,0.5475,0.125,0.0375,0.01,129.25,165.5,"counterfactual"
"215",215,0,0,0.415,0.1525,0.0075,0.315,0.0725,0.0375,0,159.75,138,"counterfactual"
"216",216,0.0375,0.5425,0.2875,0.0025,0.0225,0.105,0,0,0.0025,122.75,158.5,"counterfactual"
"217",217,0.015,0,0.2625,0.2,0.03,0.41,0.08,0,0.0025,141.5,144.25,"counterfactual"
"218",218,0,0,0.42,0.165,0.0075,0.3175,0.0775,0.0125,0,159,138.75,"counterfactual"
"219",219,0,0.2975,0.3725,0.0875,0,0.185,0.0475,0.0075,0.0025,146.5,152.75,"counterfactual"
"220",220,0.0375,0.4575,0.24,0.01,0.0375,0.08,0,0.1375,0,131.25,146.25,"counterfactual"
"221",221,0,0.0575,0.0125,0.4275,0.01,0.16,0.215,0.11,0.0075,153.25,141.5,"counterfactual"
"222",222,0.0075,0.0325,0.0075,0.2775,0.005,0.46,0.14,0.0575,0.0125,131.75,160.75,"counterfactual"
"223",223,0.0225,0.2425,0.125,0.0075,0.0225,0.045,0.0425,0.4925,0,158,128.5,"counterfactual"
"224",224,0.0075,0,0.39,0.1575,0,0.33,0.085,0.03,0,157,140.75,"counterfactual"
"225",225,0,0.2475,0.1025,0.0075,0.0125,0.03,0.145,0.455,0,155.25,141,"counterfactual"
"226",226,0.01,0.0775,0.0275,0.3425,0,0,0.36,0.1825,0,154.25,142.75,"counterfactual"
"227",227,0.0075,0.085,0.465,0.115,0,0.23,0.06,0.03,0.0075,159.5,136,"counterfactual"
"228",228,0.0225,0.0775,0.035,0.3775,0,0,0.3375,0.15,0,154,139.25,"counterfactual"
"229",229,0.015,0.095,0.0425,0.2425,0,0.005,0.4025,0.195,0.0025,146.25,148.5,"counterfactual"
"230",230,0,0.2575,0.125,0.02,0.0075,0.05,0.0275,0.5125,0,165,132.75,"counterfactual"
"231",231,0,0.4875,0.2725,0.065,0.0025,0.1375,0.0325,0.0025,0,133.75,165.5,"counterfactual"
"232",232,0.005,0.1175,0.0375,0.0825,0.005,0,0.4875,0.26,0.005,136.5,159,"counterfactual"
"233",233,0.02,0.4475,0.2125,0.04,0.0075,0.0975,0.0125,0.1625,0,138.75,153,"counterfactual"
"234",234,0.0025,0,0.3125,0.1825,0,0.365,0.0925,0.0375,0.0075,152.25,144.75,"counterfactual"
"235",235,0,0.0725,0.025,0.5075,0.015,0,0.265,0.115,0,163.25,132.25,"counterfactual"
"236",236,0,0,0.0175,0.2775,0.0025,0.5325,0.1325,0.03,0.0075,131.5,165.5,"counterfactual"
"237",237,0.02,0.0625,0.0175,0.3325,0,0.0075,0.3425,0.1925,0.025,149.75,136.75,"counterfactual"
"238",238,0,0.18,0.075,0,0,0.0025,0.3675,0.375,0,145,155,"counterfactual"
"239",239,0.0075,0.3575,0.1675,0.03,0,0.085,0,0.345,0.0075,152.75,142.75,"counterfactual"
"240",240,0.0075,0.085,0.04,0.315,0.01,0.0025,0.355,0.1825,0.0025,151.75,142.25,"counterfactual"
"241",241,0,0.075,0.48,0.1225,0.005,0.245,0.05,0.02,0.0025,161.5,136.25,"counterfactual"
"242",242,0,0.3475,0.1875,0.035,0.0025,0.105,0.0125,0.2975,0.0125,150.5,145,"counterfactual"
"243",243,0,0.1425,0.0775,0,0,0.015,0.445,0.3025,0.0175,136.25,158.5,"counterfactual"
"244",244,0,0.24,0.0925,0.0275,0.02,0.045,0.1175,0.455,0.0025,155.25,138,"counterfactual"
"245",245,0.015,0.38,0.1775,0.0375,0,0.0925,0.01,0.28,0.0075,147.25,146,"counterfactual"
"246",246,0,0.52,0.255,0.07,0.01,0.125,0.02,0,0,131.5,165.5,"counterfactual"
"247",247,0,0.0575,0.0025,0.515,0.0075,0.025,0.255,0.1375,0,164.75,133,"counterfactual"
"248",248,0.01,0.23,0.1175,0.005,0,0.04,0.11,0.4725,0.015,157,135.5,"counterfactual"
"249",249,0.0075,0.1,0.0475,0.2125,0.005,0.0025,0.415,0.21,0,145.75,150.5,"counterfactual"
"250",250,0.0025,0.095,0.0375,0.2575,0.005,0,0.395,0.2075,0,149.5,148.25,"counterfactual"
"251",251,0.0125,0.155,0.0675,0.0025,0.0025,0.0325,0.415,0.295,0.0175,133.25,157,"counterfactual"
"252",252,0,0.0325,0.02,0.3975,0,0.23,0.2075,0.1025,0.01,151,146,"counterfactual"
"253",253,0.005,0.4225,0.2025,0.0475,0.01,0.095,0.015,0.2025,0,143.75,151.75,"counterfactual"
"254",254,0,0.32,0.18,0,0,0.0775,0,0.415,0.0075,158.75,139,"counterfactual"
"255",255,0,0.17,0.1,0,0.005,0.04,0.2875,0.3975,0,149.25,149.25,"counterfactual"
"256",256,0,0.42,0.2175,0.045,0.0125,0.1075,0.02,0.1625,0.015,139.75,152,"counterfactual"
"257",257,0.01,0.5,0.2625,0.0525,0.0025,0.1225,0.01,0.04,0,134.25,162,"counterfactual"
"258",258,0.015,0.0625,0.0025,0.3625,0,0,0.375,0.155,0.0275,147.75,139.5,"counterfactual"
"259",259,0,0.05,0,0.425,0.0125,0.19,0.2075,0.1125,0.0025,152.25,143.25,"counterfactual"
"260",260,0,0.035,0,0.34,0,0.3975,0.145,0.0825,0,142.25,157.75,"counterfactual"
"261",261,0,0.1275,0.51,0.1,0,0.2425,0.02,0,0,161,139,"counterfactual"
"262",262,0.0175,0.0975,0.4925,0.1025,0,0.2275,0.045,0.015,0.0025,159,135,"counterfactual"
"263",263,0.175,0.115,0.0575,0.055,0.1575,0.09,0.1075,0.065,0.1775,66.75,80.25,"counterfactual"
"264",264,0,0.02,0,0.3975,0.005,0.2975,0.195,0.085,0,147.75,150.75,"counterfactual"
"265",265,0.0025,0.3025,0.15,0.0175,0.0075,0.0625,0.005,0.445,0.0075,159.5,135.25,"counterfactual"
"266",266,0,0.2075,0.1075,0.0275,0,0.0575,0.165,0.42,0.015,154,141.5,"counterfactual"
"267",267,0.0125,0.4125,0.3225,0.0725,0,0.1575,0.0225,0,0,138.25,158,"counterfactual"
"268",268,0,0.0675,0.0175,0.4425,0,0,0.305,0.155,0.0125,160.25,136,"counterfactual"
"269",269,0,0.265,0.405,0.1,0,0.1775,0.05,0,0.0025,150.25,149,"counterfactual"
"270",270,0,0,0.4775,0.1425,0,0.28,0.0725,0.0225,0.005,163.75,134.75,"counterfactual"
"271",271,0.0075,0.12,0.05,0.11,0.005,0.02,0.455,0.23,0.0025,137.5,158,"counterfactual"
"272",272,0.0025,0.1675,0.0775,0.0075,0.0075,0.045,0.31,0.355,0.0275,140.25,148.5,"counterfactual"
"273",273,0,0,0.3125,0.175,0.0075,0.3775,0.0925,0.035,0,151.5,146.25,"counterfactual"
"274",274,0.0025,0.1825,0.445,0.1075,0.0025,0.2075,0.0525,0,0,154.75,143.75,"counterfactual"
"275",275,0.01,0.08,0.0175,0.5025,0.0025,0,0.2575,0.13,0,163.75,132.5,"counterfactual"
"276",276,0.0225,0.23,0.425,0.0875,0,0.19,0.0425,0,0.0025,148.75,143.75,"counterfactual"
"277",277,0.015,0.3175,0.165,0.0075,0.0075,0.08,0,0.4075,0,155.75,137.5,"counterfactual"
"278",278,0.0075,0.0875,0.03,0.2925,0,0,0.395,0.1875,0,150.25,147.5,"counterfactual"
"279",279,0.005,0.065,0.0275,0.4775,0.0025,0.005,0.2775,0.14,0,163.75,134,"counterfactual"
"280",280,0,0.2675,0.1275,0.025,0,0.055,0.01,0.515,0,166.75,133.25,"counterfactual"
"281",281,0.0025,0,0.135,0.24,0,0.465,0.1225,0.03,0.005,139.75,158,"counterfactual"
"282",282,0,0.45,0.225,0.04,0.0175,0.105,0,0.1625,0,141,153.75,"counterfactual"
"283",283,0,0.1525,0.0775,0,0.0125,0.0275,0.4075,0.32,0.0025,138.25,157.25,"counterfactual"
"284",284,0,0,0.505,0.1425,0,0.28,0.0575,0.0075,0.0075,164.75,133,"counterfactual"
"285",285,0,0.27,0.1075,0.0325,0.0375,0.0525,0,0.5,0,160.25,128.5,"counterfactual"
"286",286,0,0.165,0.095,0,0.0025,0.0275,0.3275,0.3825,0,147.5,151.75,"counterfactual"
"287",287,0.0025,0.0225,0,0.3375,0,0.3775,0.18,0.08,0,141.5,157.75,"counterfactual"
"288",288,0.0175,0.3775,0.195,0.025,0,0.0775,0.0025,0.305,0,150.75,144,"counterfactual"
"289",289,0,0.14,0.0575,0.0125,0,0,0.5275,0.255,0.0075,131.75,166,"counterfactual"
"290",290,0.01,0.11,0.045,0.2625,0,0.005,0.375,0.19,0.0025,148.5,147.75,"counterfactual"
"291",291,0.01,0.13,0.0675,0,0,0.03,0.4875,0.275,0,133.25,163.75,"counterfactual"
"292",292,0,0.08,0.48,0.1175,0,0.2475,0.0525,0.01,0.0125,159.5,136.75,"counterfactual"
"293",293,0,0.085,0.0375,0.4175,0,0,0.3125,0.1475,0,160.25,139.75,"counterfactual"
"294",294,0.015,0.305,0.16,0,0.0175,0.055,0,0.4475,0,157.5,132.75,"counterfactual"
"295",295,0.0125,0.1125,0.04,0.0825,0.015,0.0075,0.49,0.2375,0.0025,133,158,"counterfactual"
"296",296,0,0.3175,0.1475,0.025,0,0.0725,0.0025,0.435,0,160.75,139.25,"counterfactual"
"297",297,0.01,0.075,0.0075,0.5025,0,0,0.2725,0.1325,0,163.25,133.75,"counterfactual"
"298",298,0.0025,0.44,0.2225,0.05,0,0.1075,0.005,0.155,0.0175,140.75,153.25,"counterfactual"
"299",299,0,0.07,0.0275,0.4875,0.0125,0.055,0.235,0.1125,0,161.5,134.75,"counterfactual"
"300",300,0,0.3075,0.14,0.005,0,0.0475,0,0.5,0,164.5,135.5,"counterfactual"
"301",301,0.01,0.01,0.005,0.27,0.0075,0.5075,0.12,0.065,0.005,131.75,161.5,"counterfactual"
"302",302,0.0025,0.5075,0.2475,0.06,0,0.135,0.01,0.0375,0,134.25,165,"counterfactual"
"303",303,0,0.1325,0.0375,0.075,0,0,0.51,0.24,0.005,134.75,163.75,"counterfactual"
"304",304,0,0.445,0.2225,0.06,0.02,0.1175,0.025,0.1,0.01,135.25,155.75,"counterfactual"
"305",305,0,0.5,0.2275,0.06,0.01,0.105,0.0175,0.08,0,135.75,161.25,"counterfactual"
"306",306,0,0.505,0.2825,0.05,0,0.1375,0.0225,0,0.0025,133,166.25,"counterfactual"
"307",307,0,0.015,0,0.275,0.0175,0.515,0.1275,0.05,0,130.75,164,"counterfactual"
"308",308,0,0.0175,0,0.355,0.015,0.345,0.1775,0.09,0,143,152.5,"counterfactual"
"309",309,0.0075,0.0775,0.0225,0.375,0.005,0.015,0.325,0.1675,0.005,154.75,140,"counterfactual"
"310",310,0,0.1275,0.0625,0,0,0,0.53,0.265,0.015,131.25,164.25,"counterfactual"
"311",311,0,0.1275,0.045,0,0.0225,0,0.5,0.2825,0.0225,128.25,158.25,"counterfactual"
"312",312,0,0,0.5175,0.1275,0,0.2775,0.0625,0.0075,0.0075,164.5,133.25,"counterfactual"
"313",313,0,0,0.4675,0.1425,0.005,0.2775,0.075,0.0275,0.005,162.75,134.25,"counterfactual"
"314",314,0.01,0.33,0.16,0.0325,0.0125,0.055,0.0075,0.3925,0,156.25,137,"counterfactual"
"315",315,0.155,0.09,0.0875,0.08,0.1475,0.105,0.105,0.0775,0.1525,79,84.5,"counterfactual"
"316",316,0,0.4725,0.31,0.0575,0,0.1575,0,0,0.0025,136.5,162.75,"counterfactual"
"317",317,0.0025,0.4175,0.1975,0.0475,0.0075,0.105,0.0025,0.215,0.005,144.5,151,"counterfactual"
"318",318,0.005,0.15,0.05,0.015,0.0125,0,0.505,0.2625,0,131,163.75,"counterfactual"
"319",319,0,0.175,0.09,0.0125,0,0.04,0.305,0.3675,0.01,146,151,"counterfactual"
"320",320,0.0025,0.025,0,0.29,0.02,0.4475,0.1375,0.0775,0,134.5,158.75,"counterfactual"
"321",321,0.015,0.145,0.0625,0.0075,0,0.0075,0.5,0.26,0.0025,131.25,163.5,"counterfactual"
"322",322,0.0025,0.2325,0.395,0.0975,0.0175,0.21,0.0275,0.0175,0,149,145,"counterfactual"
"323",323,0.0025,0.0025,0.4925,0.14,0,0.2825,0.0675,0.0125,0,164.25,135,"counterfactual"
"324",324,0.015,0.2475,0.13,0,0,0.055,0.0475,0.485,0.02,158,131.5,"counterfactual"
"325",325,0.0125,0.2775,0.385,0.09,0,0.18,0.0475,0.0075,0,147,149.25,"counterfactual"
"326",326,0,0.2325,0.095,0.0075,0.005,0.04,0.16,0.45,0.01,153.75,141.75,"counterfactual"
"327",327,0,0.0575,0.02,0.475,0,0,0.315,0.1325,0,162.75,137.25,"counterfactual"
"328",328,0.01,0.06,0.025,0.5175,0,0,0.2575,0.1225,0.0075,164.75,130,"counterfactual"
"329",329,0.0075,0.14,0.45,0.105,0,0.215,0.06,0.015,0.0075,155.5,140,"counterfactual"
"330",330,0,0.2025,0.0675,0,0.01,0.0075,0.28,0.415,0.0175,145.5,146.25,"counterfactual"
"331",331,0,0,0.53,0.1325,0,0.285,0.0525,0,0,166.25,133.75,"counterfactual"
"332",332,0.0175,0.0875,0.0425,0.285,0.005,0.005,0.375,0.1825,0,148.75,144.5,"counterfactual"
"333",333,0,0.0125,0.27,0.195,0,0.3825,0.0925,0.0475,0,151.25,148.75,"counterfactual"
"334",334,0.01,0.1725,0.08,0.0025,0.005,0.0225,0.325,0.3825,0,145,150.5,"counterfactual"
"335",335,0,0.1575,0.0775,0.01,0,0.035,0.375,0.3275,0.0175,139.75,155,"counterfactual"
"336",336,0.005,0.145,0.065,0,0,0.0275,0.4675,0.2825,0.0075,133.5,162.75,"counterfactual"
"337",337,0.0125,0.2725,0.1275,0.02,0.005,0.0575,0,0.505,0,163.5,131.25,"counterfactual"
"338",338,0,0.3325,0.375,0.085,0,0.17,0.0275,0,0.01,145,152,"counterfactual"
"339",339,0.0025,0.3175,0.375,0.075,0.0025,0.1975,0.01,0,0.02,142.5,150,"counterfactual"
"340",340,0.04,0.0675,0.445,0.085,0.035,0.22,0.0325,0.0225,0.0525,142.5,119.25,"counterfactual"
"341",341,0,0,0.385,0.1625,0.0125,0.34,0.075,0.025,0,156,140.25,"counterfactual"
"342",342,0,0.135,0.04,0.0025,0,0,0.535,0.28,0.0075,131.5,166.25,"counterfactual"
"343",343,0,0.03,0.0125,0.4,0.0025,0.24,0.21,0.0975,0.0075,150,147,"counterfactual"
"344",344,0,0.06,0,0.4875,0,0,0.3,0.15,0.0025,163.5,135.75,"counterfactual"
"345",345,0.02,0.23,0.4175,0.0775,0,0.1925,0.04,0.005,0.0175,146.25,142.5,"counterfactual"
"346",346,0,0.3575,0.3,0.0925,0.04,0.1575,0.02,0.005,0.0275,133,146.75,"counterfactual"
"347",347,0,0,0.005,0.2775,0,0.535,0.1325,0.045,0.005,132.25,166.25,"counterfactual"
"348",348,0,0.3025,0.1675,0,0,0.05,0,0.48,0,164.75,135.25,"counterfactual"
"349",349,0,0.4475,0.32,0.075,0,0.1325,0.025,0,0,139.5,160.5,"counterfactual"
"350",350,0,0.0925,0.0225,0.3525,0,0,0.345,0.1825,0.005,155.25,143.25,"counterfactual"
"351",351,0.015,0.0225,0,0.28,0.005,0.4825,0.13,0.065,0,132.5,161.5,"counterfactual"
"352",352,0.1375,0.0875,0.105,0.1075,0.14,0.0875,0.085,0.1025,0.1475,89,83.5,"counterfactual"
"353",353,0,0.29,0.14,0.0125,0.0025,0.06,0,0.4925,0.0025,164,134.5,"counterfactual"
"354",354,0,0.1525,0.0775,0.01,0,0.0325,0.3825,0.325,0.02,139.25,154.75,"counterfactual"
"355",355,0.01,0.0825,0.0175,0.4125,0,0,0.3175,0.1525,0.0075,156.5,138.25,"counterfactual"
"356",356,0.04,0.5075,0.2925,0.0175,0.04,0.1,0,0.0025,0,123.25,152.75,"counterfactual"
"357",357,0.0075,0.0025,0.475,0.1175,0.03,0.285,0.0575,0.015,0.01,156,129.75,"counterfactual"
"358",358,0,0.04,0,0.445,0.015,0.1775,0.21,0.11,0.0025,153.75,141,"counterfactual"
"359",359,0,0,0.455,0.15,0.0175,0.295,0.07,0.0125,0,160,134.75,"counterfactual"
"360",360,0,0.3525,0.1475,0.03,0.005,0.0875,0,0.3775,0,155,143.5,"counterfactual"
"361",361,0,0.2325,0.1025,0.025,0.02,0.0525,0.1125,0.4525,0.0025,155.75,137.5,"counterfactual"
"362",362,0.0025,0.4625,0.23,0.045,0.01,0.1,0.0075,0.1425,0,140.5,155.75,"counterfactual"
"363",363,0.0025,0.3725,0.1825,0.0525,0.015,0.0975,0.0125,0.265,0,148.25,146.5,"counterfactual"
"364",364,0.0025,0.04,0.005,0.4825,0.0075,0.1125,0.2425,0.1025,0.005,157.5,138,"counterfactual"
"365",365,0,0.1375,0.075,0.0025,0,0.035,0.4625,0.2775,0.01,134.5,162.5,"counterfactual"
"366",366,0.0125,0.0325,0.0175,0.4,0,0.21,0.2,0.11,0.0175,149.75,141.25,"counterfactual"
"367",367,0,0.0525,0,0.4525,0.005,0.1425,0.2275,0.12,0,156.75,141.75,"counterfactual"
"368",368,0.015,0.025,0,0.315,0.0025,0.4475,0.14,0.0525,0.0025,134.75,159.25,"counterfactual"
"369",369,0,0.1625,0.06,0,0.0025,0,0.4825,0.29,0.0025,134.5,164,"counterfactual"
"370",370,0.005,0.3875,0.185,0.06,0.03,0.0925,0.0175,0.2125,0.01,141.25,145.25,"counterfactual"
"371",371,0,0,0.485,0.14,0.01,0.2925,0.0575,0.005,0.01,161,133,"counterfactual"
"372",372,0.005,0.2675,0.135,0,0.015,0.045,0.0225,0.51,0,162.5,131.5,"counterfactual"
"373",373,0,0.0625,0.0125,0.47,0.0025,0,0.2975,0.1475,0.0075,162,135,"counterfactual"
"374",374,0.0075,0.4675,0.2325,0.02,0,0.12,0,0.1525,0,139.75,158,"counterfactual"
"375",375,0.03,0.24,0.125,0.0125,0.0025,0.0725,0.02,0.475,0.0225,155.75,127.75,"counterfactual"
"376",376,0,0.1375,0.06,0,0,0.0025,0.5275,0.27,0.0025,132.75,166.5,"counterfactual"
"377",377,0,0.0675,0.035,0.375,0,0,0.33,0.1725,0.02,156.25,137.75,"counterfactual"
"378",378,0.0075,0.2025,0.1,0.025,0.005,0.0425,0.1975,0.415,0.005,152.25,142.5,"counterfactual"
"379",379,0.0075,0.1825,0.1,0,0,0.0325,0.305,0.3725,0,146.5,151.25,"counterfactual"
"380",380,0.0375,0.435,0.2875,0.065,0.005,0.1325,0.03,0.0075,0,131.75,155.5,"counterfactual"
"381",381,0.01,0.055,0.03,0.51,0,0.0075,0.27,0.1175,0,164.75,132.25,"counterfactual"
"382",382,0,0.035,0,0.5325,0,0.065,0.2475,0.12,0,165.25,134.75,"counterfactual"
"383",383,0,0.0025,0.53,0.1325,0,0.28,0.0375,0,0.0175,164.5,130.25,"counterfactual"
"384",384,0.1575,0.1025,0.16,0.0825,0.1375,0.195,0.0525,0.0325,0.08,90,97.5,"counterfactual"
"385",385,0,0,0.065,0.2525,0.005,0.525,0.1225,0.03,0,134.25,164.25,"counterfactual"
"386",386,0.0175,0.0625,0.0225,0.44,0,0,0.3075,0.15,0,159.5,135.25,"counterfactual"
"387",387,0.0175,0.0575,0.0025,0.5025,0,0,0.2675,0.1425,0.01,162,129.75,"counterfactual"
"388",388,0.0025,0.3825,0.3275,0.085,0,0.165,0.0225,0.0075,0.0075,141,156,"counterfactual"
"389",389,0,0.1375,0.075,0,0,0.025,0.495,0.2675,0,134.25,165.75,"counterfactual"
"390",390,0,0.1075,0.05,0.235,0.0025,0,0.41,0.195,0,147.75,151.5,"counterfactual"
"391",391,0.1825,0.055,0.095,0.0975,0.18,0.055,0.055,0.0975,0.1825,74.5,62,"counterfactual"
"392",392,0,0.28,0.15,0,0.0075,0.035,0,0.51,0.0175,163.5,129,"counterfactual"
"393",393,0,0.4775,0.2325,0.0575,0.01,0.1325,0.005,0.085,0,136.5,160.5,"counterfactual"
"394",394,0.0025,0.065,0.025,0.5125,0,0,0.2675,0.1275,0,166.25,133,"counterfactual"
"395",395,0.0075,0.445,0.225,0.0475,0.0025,0.1,0.0125,0.16,0,142.25,154.75,"counterfactual"
"396",396,0.0125,0.51,0.245,0.055,0.015,0.12,0.0225,0.02,0,129.25,162.5,"counterfactual"
"397",397,0.02,0.12,0.475,0.115,0,0.225,0.0425,0.0025,0,157.25,136.75,"counterfactual"
"398",398,0,0.3575,0.1775,0.0425,0.0175,0.09,0.0075,0.3,0.0075,149.5,143,"counterfactual"
"399",399,0,0.3875,0.31,0.0725,0.005,0.1675,0.0325,0.0175,0.0075,138.75,157.5,"counterfactual"
"400",400,0.005,0.02,0,0.5275,0,0.055,0.275,0.1175,0,164,134.5,"counterfactual"
"401",401,0,0.0375,0,0.5225,0.02,0.005,0.2825,0.1325,0,163.5,130.5,"counterfactual"
"402",402,0,0.085,0.0175,0.3775,0.0075,0,0.34,0.1725,0,156,141.75,"counterfactual"
"403",403,0.01,0.1325,0.055,0.045,0,0,0.51,0.2475,0,133.75,163.25,"counterfactual"
"404",404,0.01,0.1475,0.0925,0,0,0.0325,0.4075,0.31,0,139.25,157.75,"counterfactual"
"405",405,0.0025,0.025,0,0.2725,0.0075,0.495,0.13,0.0675,0,133,164,"counterfactual"
"406",406,0.005,0.35,0.1925,0.0175,0,0.0975,0,0.3375,0,154.25,144.25,"counterfactual"
"407",407,0.0075,0.025,0,0.285,0.0125,0.465,0.135,0.07,0,133.5,160.5,"counterfactual"
"408",408,0,0.22,0.0675,0,0.0075,0.005,0.2225,0.47,0.0075,152.25,143.25,"counterfactual"
"409",409,0.03,0.1725,0.425,0.095,0.01,0.21,0.0475,0.01,0,149,139,"counterfactual"
"410",410,0.0025,0.0725,0.0025,0.4775,0,0,0.3,0.1425,0.0025,161.75,136.75,"counterfactual"
"411",411,0.0225,0.0275,0,0.5075,0.0025,0.045,0.2725,0.1225,0,160.5,132,"counterfactual"
"412",412,0.01,0.425,0.2025,0.0375,0.0125,0.1025,0,0.21,0,142.75,150.5,"counterfactual"
"413",413,0,0.085,0.045,0.25,0,0.0075,0.4,0.195,0.0175,147.25,147.5,"counterfactual"
"414",414,0.02,0.0175,0.5175,0.125,0,0.245,0.06,0.015,0,163.75,130.25,"counterfactual"
"415",415,0,0.005,0,0.345,0,0.3875,0.1775,0.085,0,143,157,"counterfactual"
"416",416,0,0.01,0.13,0.225,0.0025,0.4625,0.1075,0.045,0.0175,138,156,"counterfactual"
"417",417,0,0.1225,0.05,0.07,0,0.0025,0.5,0.2425,0.0125,135,161.25,"counterfactual"
"418",418,0.0075,0.0025,0.01,0.2625,0,0.515,0.135,0.06,0.0075,131.75,163.75,"counterfactual"
"419",419,0.02,0.1125,0.0525,0.0825,0,0.01,0.49,0.2325,0,134.75,159.25,"counterfactual"
"420",420,0,0.1125,0.475,0.12,0,0.235,0.05,0.0025,0.005,159.25,139.25,"counterfactual"
"421",421,0.015,0.0775,0.0225,0.2925,0,0,0.38,0.1975,0.015,148.25,142.75,"counterfactual"
"422",422,0,0.045,0,0.375,0.0125,0.2625,0.1925,0.1025,0.01,145.5,147.75,"counterfactual"
"423",423,0,0.3575,0.1775,0.0325,0.0025,0.085,0,0.345,0,155.25,144,"counterfactual"
"424",424,0.04,0.0575,0.03,0.375,0,0,0.315,0.145,0.0375,147.25,129.5,"counterfactual"
"425",425,0,0,0.44,0.1725,0.0075,0.31,0.0675,0.0025,0,160.75,137,"counterfactual"
"426",426,0.0075,0.3025,0.1525,0.025,0,0.0725,0.0075,0.4325,0,160.25,137.5,"counterfactual"
"427",427,0.0125,0.06,0.0325,0.4675,0.02,0.075,0.2325,0.0875,0.0125,154.25,132.25,"counterfactual"
"428",428,0,0.42,0.1975,0.02,0,0.08,0,0.2825,0,150,150,"counterfactual"
"429",429,0,0.4275,0.215,0.05,0,0.1025,0.0225,0.1825,0,144.75,155.25,"counterfactual"
"430",430,0,0.0225,0,0.4075,0.005,0.2775,0.19,0.0975,0,150,148.5,"counterfactual"
"431",431,0.0125,0.09,0.04,0.2975,0,0,0.385,0.175,0,150,146.25,"counterfactual"
"432",432,0.11,0.0125,0.09,0.1925,0.0625,0.3325,0.0475,0.035,0.1175,102.75,110.25,"counterfactual"
"433",433,0.015,0.155,0.095,0,0,0.04,0.3825,0.3125,0,139.25,156.25,"counterfactual"
"434",434,0.005,0.4925,0.2625,0.0475,0,0.1275,0.0175,0.0475,0,135.25,163.25,"counterfactual"
"435",435,0,0.49,0.2675,0.06,0.01,0.135,0.0125,0.0125,0.0125,131.75,161.5,"counterfactual"
"436",436,0,0.0125,0.31,0.1875,0.005,0.355,0.095,0.035,0,152.75,145.75,"counterfactual"
"437",437,0,0.0525,0,0.525,0,0,0.2725,0.15,0,167.5,132.5,"counterfactual"
"438",438,0.015,0.02,0.015,0.27,0,0.4475,0.14,0.0725,0.02,132.25,157.25,"counterfactual"
"439",439,0.0075,0,0.3375,0.175,0,0.35,0.09,0.0375,0.0025,154,143,"counterfactual"
"440",440,0.0125,0.02,0,0.31,0,0.445,0.16,0.0525,0,135,161.25,"counterfactual"
"441",441,0.0125,0.0225,0,0.425,0,0.21,0.2175,0.1125,0,152.5,143.75,"counterfactual"
"442",442,0.005,0.0825,0.04,0.33,0,0.005,0.36,0.175,0.0025,153.75,144,"counterfactual"
"443",443,0,0.185,0.1,0,0,0.05,0.275,0.39,0,149,151,"counterfactual"
"444",444,0,0.4925,0.2625,0.0725,0.005,0.1325,0.035,0,0,133,165.5,"counterfactual"
"445",445,0,0.105,0.0425,0.1975,0,0.005,0.4375,0.2025,0.01,143.25,153.75,"counterfactual"
"446",446,0.04,0.12,0.0325,0.09,0.0125,0.015,0.46,0.23,0,130,154.25,"counterfactual"
"447",447,0,0.3925,0.195,0.0475,0.015,0.105,0.0025,0.2425,0,147,148.5,"counterfactual"
"448",448,0,0.455,0.225,0.0575,0.015,0.12,0.0125,0.11,0.005,137.25,156.75,"counterfactual"
"449",449,0,0.0625,0.0075,0.52,0,0.0025,0.265,0.14,0.0025,166.5,132.75,"counterfactual"
"450",450,0.0225,0.1425,0.075,0,0,0.0075,0.4625,0.29,0,134.25,159,"counterfactual"
"451",451,0.0075,0.0525,0.0225,0.4475,0.02,0.125,0.22,0.105,0,154.75,137,"counterfactual"
"452",452,0,0.41,0.19,0.03,0.01,0.0925,0,0.2575,0.01,145.75,148.25,"counterfactual"
"453",453,0,0.0375,0,0.3475,0,0.335,0.17,0.1025,0.0075,144.25,153.5,"counterfactual"
"454",454,0.015,0.1125,0.035,0.2175,0.0225,0,0.4,0.1975,0,141.25,147.5,"counterfactual"
"455",455,0.0125,0.3125,0.16,0.005,0,0.0675,0,0.4425,0,159.5,136.75,"counterfactual"
"456",456,0,0.1025,0.035,0.1625,0,0,0.475,0.225,0,142.25,157.75,"counterfactual"
"457",457,0.01,0.0075,0,0.3475,0.0075,0.4,0.1825,0.045,0,137.5,157.25,"counterfactual"
"458",458,0,0.015,0,0.3625,0.0125,0.35,0.185,0.075,0,142.5,153.75,"counterfactual"
"459",459,0,0.07,0.03,0.435,0.005,0.0025,0.305,0.145,0.0075,159.75,136.5,"counterfactual"
"460",460,0.02,0.2625,0.1275,0.0025,0.035,0.0475,0.005,0.495,0.005,156.5,125.5,"counterfactual"
"461",461,0.01,0.2675,0.135,0.005,0.01,0.0325,0.02,0.52,0,164,130,"counterfactual"
"462",462,0,0.025,0.07,0.2325,0.02,0.4625,0.12,0.0525,0.0175,131.75,157,"counterfactual"
"463",463,0.01,0.0725,0.0425,0.4125,0,0.0075,0.3075,0.1425,0.005,158.25,137.25,"counterfactual"
"464",464,0,0.1875,0.0875,0,0.0125,0.015,0.3475,0.35,0,142.5,153.75,"counterfactual"
"465",465,0,0.035,0.01,0.31,0,0.415,0.1525,0.0775,0,139.75,160.25,"counterfactual"
"466",466,0.0225,0.305,0.3575,0.1025,0,0.175,0.0375,0,0,143.75,149.5,"counterfactual"
"467",467,0.01,0.0225,0,0.265,0,0.495,0.1275,0.07,0.01,131.5,162.5,"counterfactual"
"468",468,0.0075,0.0625,0.02,0.465,0.02,0.08,0.2275,0.1175,0,157.5,134.25,"counterfactual"
"469",469,0,0,0.0025,0.2825,0.0025,0.535,0.15,0.0275,0,131,168.25,"counterfactual"
"470",470,0.0075,0.0675,0.0275,0.48,0,0,0.285,0.1325,0,163.25,134.5,"counterfactual"
"471",471,0,0.1725,0.0775,0,0.0025,0.005,0.4225,0.32,0,139.5,159.75,"counterfactual"
"472",472,0.0175,0.0375,0.0025,0.46,0,0.105,0.23,0.1225,0.025,154.25,133,"counterfactual"
"473",473,0.0125,0.0225,0.12,0.24,0.0125,0.4475,0.0975,0.0425,0.005,137.25,153.75,"counterfactual"
"474",474,0,0.1325,0.04,0.005,0.0125,0.0175,0.5225,0.2675,0.0025,129.75,165.75,"counterfactual"
"475",475,0.005,0.005,0,0.31,0.015,0.4975,0.14,0.0275,0,131.75,162.25,"counterfactual"
"476",476,0,0.1425,0.075,0,0,0.0175,0.465,0.3,0,137.5,162.5,"counterfactual"
"477",477,0.0025,0.095,0.0425,0.2325,0,0.01,0.4075,0.2025,0.0075,146.75,150.25,"counterfactual"
"478",478,0,0.525,0.255,0.055,0.01,0.115,0.02,0.02,0,132,165,"counterfactual"
"479",479,0.0225,0.01,0.275,0.1725,0.01,0.3675,0.095,0.0475,0,146.25,144,"counterfactual"
"480",480,0,0,0.21,0.2125,0.03,0.4075,0.085,0.0225,0.0325,138.25,143,"counterfactual"
"481",481,0,0.165,0.1025,0,0.005,0.0375,0.325,0.3575,0.0075,144.75,151.5,"counterfactual"
"482",482,0,0.2625,0.15,0.0075,0,0.065,0.005,0.4975,0.0125,164.25,132,"counterfactual"
"483",483,0.0025,0.015,0.165,0.22,0,0.4325,0.105,0.055,0.005,143.25,154.5,"counterfactual"
"484",484,0,0,0.3125,0.185,0.005,0.3775,0.095,0.025,0,151.75,146.75,"counterfactual"
"485",485,0,0.1725,0.07,0.005,0.0125,0.04,0.34,0.3525,0.0075,140.75,153.25,"counterfactual"
"486",486,0.01,0.2625,0.1375,0.0175,0.01,0.0675,0.0025,0.49,0.0025,162.25,131,"counterfactual"
"487",487,0,0.1225,0.045,0.1425,0.01,0,0.4575,0.215,0.0075,138.5,156.25,"counterfactual"
"488",488,0,0.0725,0.0275,0.4,0.0125,0,0.3325,0.155,0,157,139.25,"counterfactual"
"489",489,0,0.385,0.1975,0.045,0,0.09,0.0175,0.2575,0.0075,149.25,148.5,"counterfactual"
"490",490,0.025,0.3475,0.195,0.005,0.0275,0.0675,0,0.3325,0,148,136.25,"counterfactual"
"491",491,0,0.1375,0.0725,0,0.005,0.0175,0.46,0.2775,0.03,131.5,158,"counterfactual"
"492",492,0,0.42,0.2075,0.05,0.0125,0.1,0.015,0.19,0.005,143,151.75,"counterfactual"
"493",493,0.0075,0.065,0.0325,0.4975,0,0.0025,0.26,0.125,0.01,163.75,131,"counterfactual"
"494",494,0,0.0325,0,0.3375,0,0.3875,0.16,0.0825,0,142,158,"counterfactual"
"495",495,0,0.425,0.2175,0.0375,0.0025,0.1025,0.0175,0.19,0.0075,143.5,153.5,"counterfactual"
"496",496,0,0,0.02,0.27,0.0225,0.5125,0.1225,0.045,0.0075,130.5,160.5,"counterfactual"
"497",497,0.0025,0.35,0.165,0.0325,0.0175,0.0675,0.0025,0.36,0.0025,153.5,139.75,"counterfactual"
"498",498,0.175,0.0975,0.0575,0.0625,0.175,0.0975,0.1025,0.065,0.1675,66.75,78,"counterfactual"
"499",499,0,0.2075,0.095,0,0.0175,0.0325,0.255,0.3925,0,147,147.75,"counterfactual"
"500",500,0.0125,0.115,0.045,0.06,0,0,0.5225,0.24,0.005,132.75,162,"counterfactual"
"501",1,0,0,0,0,0,0,0.75,0.25,0,125,175,"average"
"502",2,0.0075,0.0975,0,0,0,0,0,0.895,0,188.75,109,"average"
"503",3,0.0025,0,0.9975,0,0,0,0,0,0,199.5,99.75,"average"
"504",4,0,0,0,0.2525,0.0075,0.7125,0.0225,0.005,0,125,172.75,"average"
"505",5,0.005,0,0,0.3675,0,0.62,0.0075,0,0,136.25,162.25,"average"
"506",6,0,0,0.6525,0,0,0.34,0,0,0.0075,164.5,133.25,"average"
"507",7,0,0.9925,0,0,0.0075,0,0,0,0,99.25,198.5,"average"
"508",8,0.0075,0,0,0.99,0.0025,0,0,0,0,198,99,"average"
"509",9,0.0025,0.98,0,0,0.0175,0,0,0,0,98,196,"average"
"510",10,0,0,0,0,0.0025,0,0,0.9775,0.02,195.5,97.75,"average"
"511",11,0.0075,0,0.875,0.0075,0.0125,0.0975,0,0,0,186.25,107.75,"average"
"512",12,0,0,0,0,0,0,0.0025,0.9975,0,199.75,100.25,"average"
"513",13,0.0025,0,0.9975,0,0,0,0,0,0,199.5,99.75,"average"
"514",14,0,0.14,0.8,0,0.0025,0.0575,0,0,0,179.75,119.5,"average"
"515",15,0,0,0,0,0,0,0.7275,0.265,0.0075,125.75,172,"average"
"516",16,0,0,0,0,0,0,0,0.99,0.01,198,99,"average"
"517",17,0.0075,0.7375,0.1575,0,0.0125,0.0025,0,0.0825,0,122,172,"average"
"518",18,0.0075,0,0,0,0,0,0.9925,0,0,99.25,198.5,"average"
"519",19,0.01,0,0,0.98,0.01,0,0,0,0,196,98,"average"
"520",20,0,0.605,0.395,0,0,0,0,0,0,139.5,160.5,"average"
"521",21,0,0,0,0,0,0,0,0.99,0.01,198,99,"average"
"522",22,0,0,0,0,0,0.985,0,0,0.015,98.5,197,"average"
"523",23,0,0.3575,0.09,0,0,0,0,0.55,0.0025,163.75,135.5,"average"
"524",24,0,0,0,0.9325,0.0025,0.065,0,0,0,193,106.25,"average"
"525",25,0.0025,0,0,0.9325,0.02,0,0.04,0.005,0,191.5,101.75,"average"
"526",26,0,0,0,0,0,0.9875,0,0,0.0125,98.75,197.5,"average"
"527",27,0,0,0,0.9825,0.0175,0,0,0,0,196.5,98.25,"average"
"528",28,0.005,0,0.99,0,0,0,0,0,0.005,198,99,"average"
"529",29,0,0,0,0,0,0,0.8275,0.17,0.0025,116.75,182.5,"average"
"530",30,0,0,0,0,0,0,0,0.985,0.015,197,98.5,"average"
"531",31,0,0,0.58,0.005,0,0.415,0,0,0,158.5,141.5,"average"
"532",32,0.0025,0.99,0,0,0.0075,0,0,0,0,99,198,"average"
"533",33,0,0,0,0,0,0,0.9375,0.0625,0,106.25,193.75,"average"
"534",34,0.015,0,0,0.375,0,0,0.61,0,0,136,159.5,"average"
"535",35,0,0.975,0,0,0.025,0,0,0,0,97.5,195,"average"
"536",36,0,0,0.385,0.0525,0.01,0.55,0,0,0.0025,142.5,153.75,"average"
"537",37,0,0,0,0,0,0,0,0.995,0.005,199,99.5,"average"
"538",38,0,0,0,1,0,0,0,0,0,200,100,"average"
"539",39,0,0,0,0.965,0.0025,0,0.0325,0,0,196.25,103,"average"
"540",40,0,0,0,0,0.005,0.995,0,0,0,99.5,199,"average"
"541",41,0,0,0,0,0.0075,0.0025,0,0.975,0.015,195.25,98,"average"
"542",42,0.0075,0,0,0.865,0,0,0.12,0,0.0075,185,110.5,"average"
"543",43,0.0075,0,0,0.785,0,0,0.2075,0,0,177.75,120,"average"
"544",44,0.0075,0.795,0.1975,0,0,0,0,0,0,119,178.75,"average"
"545",45,0,0.02,0,0,0,0,0,0.955,0.025,193,99.5,"average"
"546",46,0.0225,0,0,0,0,0,0.9775,0,0,97.75,195.5,"average"
"547",47,0,0,0,0,0,0,0,1,0,200,100,"average"
"548",48,0.005,0.9125,0.08,0,0,0,0,0,0.0025,107.25,190.5,"average"
"549",49,0.0025,0,0,0.27,0.0075,0.72,0,0,0,126,171,"average"
"550",50,0.01,0,0,0.9825,0.0075,0,0,0,0,196.5,98.25,"average"
"551",51,0,0.1775,0,0,0.01,0,0,0.8125,0,180.25,116.75,"average"
"552",52,0,0.6275,0.3725,0,0,0,0,0,0,137.25,162.75,"average"
"553",53,0,0,0,0,0,0.995,0,0,0.005,99.5,199,"average"
"554",54,0,0,0,0,0.0025,0,0,0.9975,0,199.5,99.75,"average"
"555",55,0.015,0,0.985,0,0,0,0,0,0,197,98.5,"average"
"556",56,0,0,0,0,0.0025,0,0,0.9975,0,199.5,99.75,"average"
"557",57,0,0,0,0.055,0,0,0.9275,0,0.0175,103.75,191,"average"
"558",58,0.015,0,0.985,0,0,0,0,0,0,197,98.5,"average"
"559",59,0,0.9725,0.0275,0,0,0,0,0,0,102.75,197.25,"average"
"560",60,0.005,0.53,0,0,0.005,0,0,0.46,0,145,152,"average"
"561",61,0.0075,0,0,0.98,0.0125,0,0,0,0,196,98,"average"
"562",62,0,0.0375,0,0,0.01,0,0.715,0.235,0.0025,122.25,174,"average"
"563",63,0,0,0,0.995,0.005,0,0,0,0,199,99.5,"average"
"564",64,0,0,0,0,0,0,0,1,0,200,100,"average"
"565",65,0,0,0,0.175,0,0.825,0,0,0,117.5,182.5,"average"
"566",66,0.0025,0.9975,0,0,0,0,0,0,0,99.75,199.5,"average"
"567",67,0,0,0.4425,0.01,0,0.5375,0,0,0.01,144.25,152.75,"average"
"568",68,0.01,0,0,0,0,0,0.985,0,0.005,98.5,197,"average"
"569",69,0,0,0.795,0,0,0.2,0,0,0.005,179,119.5,"average"
"570",70,0.0075,0,0,0.48,0,0.3875,0.125,0,0,147.25,150.5,"average"
"571",71,0,0.1725,0,0,0.0125,0,0,0.815,0,180.25,116,"average"
"572",72,0,0.6675,0.33,0,0,0,0,0,0.0025,132.75,166.5,"average"
"573",73,0.005,0.1625,0.025,0,0,0,0.2625,0.5425,0.0025,156,141.75,"average"
"574",74,0,0,0,0,0,0,0,0.99,0.01,198,99,"average"
"575",75,0.0275,0,0,0.3125,0,0.65,0.01,0,0,128.5,163.25,"average"
"576",76,0.0025,0.9825,0,0.0025,0.0125,0,0,0,0,98.75,196.75,"average"
"577",77,0,0,0,0,0,1,0,0,0,100,200,"average"
"578",78,0.005,0,0,0,0,0,0.995,0,0,99.5,199,"average"
"579",79,0,0.995,0.0025,0,0.0025,0,0,0,0,100,199.25,"average"
"580",80,0.0225,0,0.9775,0,0,0,0,0,0,195.5,97.75,"average"
"581",81,0,0.0875,0.015,0,0,0,0,0.89,0.0075,189.75,108,"average"
"582",82,0.005,0,0,0,0,0,0.985,0,0.01,98.5,197,"average"
"583",83,0.0025,0,0.995,0,0,0,0,0,0.0025,199,99.5,"average"
"584",84,0,0,0,0.9975,0.0025,0,0,0,0,199.5,99.75,"average"
"585",85,0,0,0,0,0,0,1,0,0,100,200,"average"
"586",86,0,0,0,0,0,0,0.9875,0,0.0125,98.75,197.5,"average"
"587",87,0,0.9975,0,0,0.0025,0,0,0,0,99.75,199.5,"average"
"588",88,0.0025,0,0,0.9925,0.005,0,0,0,0,198.5,99.25,"average"
"589",89,0.0075,0,0,0.825,0,0,0.145,0,0.0225,179.5,111.5,"average"
"590",90,0,0.75,0,0,0.0225,0,0,0.2275,0,120.5,172.75,"average"
"591",91,0.0125,0.0875,0.9,0,0,0,0,0,0,188.75,107.5,"average"
"592",92,0,0,0,0.11,0.0075,0.8825,0,0,0,110.25,187.5,"average"
"593",93,0,0,0,0,0,0,0,1,0,200,100,"average"
"594",94,0,0,1,0,0,0,0,0,0,200,100,"average"
"595",95,0,0,0.91,0,0,0.075,0,0,0.015,189.5,106,"average"
"596",96,0.0025,0.325,0.6475,0,0,0.025,0,0,0,164.5,134.75,"average"
"597",97,0,0,0,0.9775,0.02,0,0.0025,0,0,195.75,98.25,"average"
"598",98,0,0,0,0.985,0.015,0,0,0,0,197,98.5,"average"
"599",99,0.0125,0.9875,0,0,0,0,0,0,0,98.75,197.5,"average"
"600",100,0,1,0,0,0,0,0,0,0,100,200,"average"
"601",101,0.005,0.3,0,0,0.005,0,0,0.69,0,168,129,"average"
"602",102,0,0,0,0,0,0,0,1,0,200,100,"average"
"603",103,0.02,0.9225,0.05,0,0,0,0.0025,0,0.005,102.5,190,"average"
"604",104,0,0,0,0,0,0,0,0.985,0.015,197,98.5,"average"
"605",105,0,0,0,0,0,0,0,0.9825,0.0175,196.5,98.25,"average"
"606",106,0.0075,0,0,0,0,0,0.9925,0,0,99.25,198.5,"average"
"607",107,0.0075,0,0,0.64,0,0,0.35,0,0.0025,163,134,"average"
"608",108,0,0,0,0.9775,0.0175,0,0.005,0,0,196,98.75,"average"
"609",109,0.0025,0,0,0,0,0,0.9975,0,0,99.75,199.5,"average"
"610",110,0,0,0,0,0,0,0.9775,0.0125,0.01,100.25,196.75,"average"
"611",111,0.0025,0,0,0.7025,0,0,0.2875,0,0.0075,169.25,127.75,"average"
"612",112,0.005,0,0.9925,0,0,0,0,0,0.0025,198.5,99.25,"average"
"613",113,0,0,0,0.865,0,0,0.135,0,0,186.5,113.5,"average"
"614",114,0,0,0.995,0,0,0.005,0,0,0,199.5,100.5,"average"
"615",115,0.0275,0,0,0.97,0.0025,0,0,0,0,194,97,"average"
"616",116,0,0,0,0.605,0.01,0.385,0,0,0,159.5,137.5,"average"
"617",117,0,0,0,0,0,1,0,0,0,100,200,"average"
"618",118,0.005,0.7,0.285,0,0,0.0075,0,0,0.0025,127.75,170,"average"
"619",119,0.015,0,0,0,0,0,0.985,0,0,98.5,197,"average"
"620",120,0.01,0,0.99,0,0,0,0,0,0,198,99,"average"
"621",121,0,0,0,0.305,0,0.6825,0.005,0,0.0075,129.75,168,"average"
"622",122,0,0,0,0,0,0.9975,0,0,0.0025,99.75,199.5,"average"
"623",123,0,0.9925,0,0,0.0075,0,0,0,0,99.25,198.5,"average"
"624",124,0,0,0,0,0,0,0,0.9925,0.0075,198.5,99.25,"average"
"625",125,0.0025,0,0,0,0,0,0.9975,0,0,99.75,199.5,"average"
"626",126,0,0,0,0.9825,0.0175,0,0,0,0,196.5,98.25,"average"
"627",127,0.0025,0.9975,0,0,0,0,0,0,0,99.75,199.5,"average"
"628",128,0.015,0,0,0,0,0,0.985,0,0,98.5,197,"average"
"629",129,0.0175,0,0,0.9825,0,0,0,0,0,196.5,98.25,"average"
"630",130,0,0,0,0,0,0,0,0.9825,0.0175,196.5,98.25,"average"
"631",131,0.0025,0,0.9675,0,0,0.0075,0.0025,0,0.02,194.5,98.75,"average"
"632",132,0,0,0.9925,0,0,0,0,0,0.0075,198.5,99.25,"average"
"633",133,0,0.9975,0,0,0.0025,0,0,0,0,99.75,199.5,"average"
"634",134,0,0.4675,0.025,0,0.0125,0,0,0.495,0,150.75,145.5,"average"
"635",135,0,0,0.9825,0,0.0025,0.01,0,0,0.005,197.5,100.25,"average"
"636",136,0,0.86,0.13,0,0.0025,0.0075,0,0,0,112.75,186.5,"average"
"637",137,0,0,0,0,0,0,0,0.975,0.025,195,97.5,"average"
"638",138,0,0,0,0,0,0,0.7575,0.2325,0.01,122.25,174.75,"average"
"639",139,0.005,0,0,0.98,0.0025,0,0.0125,0,0,197.25,100.5,"average"
"640",140,0,0,0,0,0,0,0,0.985,0.015,197,98.5,"average"
"641",141,0.005,0,0.995,0,0,0,0,0,0,199,99.5,"average"
"642",142,0,0,0,0.475,0.015,0.51,0,0,0,146,149.5,"average"
"643",143,0,0,0,0,0,0,0.8775,0.1175,0.005,111.25,187.25,"average"
"644",144,0,0,0,0,0,0,0.985,0,0.015,98.5,197,"average"
"645",145,0,0,0,0.97,0.01,0,0.015,0.005,0,196.5,100.5,"average"
"646",146,0,0,0,0,0,0,0,0.9925,0.0075,198.5,99.25,"average"
"647",147,0.0125,0.5325,0.15,0,0,0,0,0.305,0,144.25,152,"average"
"648",148,0,0,0,0,0.0075,0,0.97,0.0225,0,101.5,196.25,"average"
"649",149,0,0,0,0,0.0125,0,0,0.985,0.0025,197,98.5,"average"
"650",150,0.015,0,0.985,0,0,0,0,0,0,197,98.5,"average"
"651",151,0.01,0,0,0.8775,0.0025,0,0.11,0,0,186.5,109.75,"average"
"652",152,0.01,0,0,0.865,0,0,0.125,0,0,185.5,111.5,"average"
"653",153,0,1,0,0,0,0,0,0,0,100,200,"average"
"654",154,0,0,0,0,0,0,0.9975,0,0.0025,99.75,199.5,"average"
"655",155,0,0,0.8025,0.0125,0.0025,0.1825,0,0,0,181.25,118,"average"
"656",156,0.005,0.9425,0,0,0.0075,0,0,0.045,0,103.25,193,"average"
"657",157,0,0.12,0.005,0,0.01,0,0,0.865,0,186,111,"average"
"658",158,0.0025,0,0.9975,0,0,0,0,0,0,199.5,99.75,"average"
"659",159,0.005,0.9875,0,0,0.0075,0,0,0,0,98.75,197.5,"average"
"660",160,0.0225,0.3975,0.0025,0,0,0,0,0.575,0.0025,155.25,137.25,"average"
"661",161,0,0,0,0,0,0.995,0,0,0.005,99.5,199,"average"
"662",162,0.005,0,0,0,0,0,0.995,0,0,99.5,199,"average"
"663",163,0.0125,0,0,0,0,0,0.9875,0,0,98.75,197.5,"average"
"664",164,0,0,0,0.0025,0,0.9875,0,0,0.01,99.25,197.75,"average"
"665",165,0,0,0,0,0.005,0,0,0.99,0.005,198,99,"average"
"666",166,0,0,0,0,0.0125,0.985,0,0,0.0025,98.5,197,"average"
"667",167,0,0,0,0,0,0.98,0,0,0.02,98,196,"average"
"668",168,0.005,0,0,0,0,0,0.995,0,0,99.5,199,"average"
"669",169,0,0.98,0,0,0.02,0,0,0,0,98,196,"average"
"670",170,0,0,0,0.1625,0.0025,0.8325,0,0,0.0025,115.75,182.75,"average"
"671",171,0.0175,0,0.9825,0,0,0,0,0,0,196.5,98.25,"average"
"672",172,0,0,0,0.9825,0.0025,0,0,0,0.015,196.5,98.25,"average"
"673",173,0,0.9825,0.01,0,0,0.0025,0,0,0.005,100.5,198,"average"
"674",174,0,0,0,0.15,0,0.8425,0.005,0,0.0025,114.75,184.5,"average"
"675",175,0,0,0,0,0,0,0.1775,0.815,0.0075,180.75,117,"average"
"676",176,0,0.995,0,0,0.005,0,0,0,0,99.5,199,"average"
"677",177,0,0,0,0.98,0.0175,0,0.0025,0,0,196.25,98.5,"average"
"678",178,0,0,0,0.975,0.025,0,0,0,0,195,97.5,"average"
"679",179,0,0,0,0,0.0025,0.9975,0,0,0,99.75,199.5,"average"
"680",180,0,1,0,0,0,0,0,0,0,100,200,"average"
"681",181,0,1,0,0,0,0,0,0,0,100,200,"average"
"682",182,0,0.9975,0,0,0.0025,0,0,0,0,99.75,199.5,"average"
"683",183,0,0,0,0,0,0,0,0.9875,0.0125,197.5,98.75,"average"
"684",184,0,0,0,0,0,0,0.33,0.665,0.005,166,132.5,"average"
"685",185,0,0.01,0,0,0.0125,0.005,0.3,0.66,0.0125,163.5,129,"average"
"686",186,0,0,0,0,0,0,0,1,0,200,100,"average"
"687",187,0,0,0,0,0,0,0,0.975,0.025,195,97.5,"average"
"688",188,0.0025,0,0,0,0,0,0.9925,0,0.005,99.25,198.5,"average"
"689",189,0,0,0.5225,0,0,0.4775,0,0,0,152.25,147.75,"average"
"690",190,0,0.0575,0,0,0,0,0.3575,0.575,0.01,156.5,140.5,"average"
"691",191,0.005,0,0.99,0,0,0,0,0,0.005,198,99,"average"
"692",192,0,0.0025,0.97,0,0.0125,0.015,0,0,0,195.75,100.5,"average"
"693",193,0,0,0,0.8,0,0,0.195,0.005,0,180.5,119.5,"average"
"694",194,0.01,0,0,0.4175,0,0.48,0.09,0,0.0025,140.5,155.75,"average"
"695",195,0,0,0,0,0,0.9875,0,0,0.0125,98.75,197.5,"average"
"696",196,0.0125,0.38,0.605,0,0,0,0,0,0.0025,159,136.5,"average"
"697",197,0,0,0,0.955,0.0025,0.0425,0,0,0,195.25,104,"average"
"698",198,0.0225,0.0025,0,0,0,0,0.9275,0.0475,0,102.5,190.75,"average"
"699",199,0,0,0.3725,0.0375,0,0.5875,0,0,0.0025,140.75,158.5,"average"
"700",200,0,0.04,0,0,0.01,0,0,0.945,0.005,193,102.5,"average"
"701",201,0.0025,0,0,0,0,0,0.985,0,0.0125,98.5,197,"average"
"702",202,0.0125,0,0.9875,0,0,0,0,0,0,197.5,98.75,"average"
"703",203,0,0,0,0,0,0,0,1,0,200,100,"average"
"704",204,0,0.2625,0.0025,0,0,0,0,0.725,0.01,171.75,125.25,"average"
"705",205,0,0,0,0,0,0,1,0,0,100,200,"average"
"706",206,0,0,0,0,0,0,0,0.9975,0.0025,199.5,99.75,"average"
"707",207,0.015,0,0,0.985,0,0,0,0,0,197,98.5,"average"
"708",208,0.02,0,0,0,0,0,0.98,0,0,98,196,"average"
"709",209,0.01,0.0025,0.9875,0,0,0,0,0,0,197.75,99.25,"average"
"710",210,0,0.25,0,0,0.025,0,0,0.725,0,170,122.5,"average"
"711",211,0,0,0,0.9725,0.0275,0,0,0,0,194.5,97.25,"average"
"712",212,0.0025,0.7625,0.2225,0,0,0.0125,0,0,0,122,177.25,"average"
"713",213,0,0,0,0,0,0,0.7675,0.225,0.0075,121.75,176,"average"
"714",214,0.0075,0,0,0.9925,0,0,0,0,0,198.5,99.25,"average"
"715",215,0,0,0,0,0,0,0,1,0,200,100,"average"
"716",216,0.0025,0,0.995,0,0,0,0,0,0.0025,199,99.5,"average"
"717",217,0,1,0,0,0,0,0,0,0,100,200,"average"
"718",218,0.0025,0,0,0,0,0,0.9975,0,0,99.75,199.5,"average"
"719",219,0,0,0,1,0,0,0,0,0,200,100,"average"
"720",220,0,0,0,0.995,0,0,0.005,0,0,199.5,100.5,"average"
"721",221,0,0.875,0.125,0,0,0,0,0,0,112.5,187.5,"average"
"722",222,0.015,0,0,0.505,0,0.4025,0.075,0,0.0025,148.75,146,"average"
"723",223,0.015,0.3425,0.0125,0,0,0,0,0.63,0,162.75,132.75,"average"
"724",224,0,0.0025,0,0.0225,0.01,0.0025,0.8275,0.12,0.015,111.75,180.75,"average"
"725",225,0,0.895,0.105,0,0,0,0,0,0,110.5,189.5,"average"
"726",226,0,0,0,0,0,0,0,0.975,0.025,195,97.5,"average"
"727",227,0,0,0,0,0,1,0,0,0,100,200,"average"
"728",228,0,0,0,0,0,1,0,0,0,100,200,"average"
"729",229,0.005,0.995,0,0,0,0,0,0,0,99.5,199,"average"
"730",230,0.025,0,0,0,0,0,0.975,0,0,97.5,195,"average"
"731",231,0.0125,0,0.9775,0,0,0,0,0,0.01,195.5,97.75,"average"
"732",232,0,0,0,0.985,0.015,0,0,0,0,197,98.5,"average"
"733",233,0.035,0,0.965,0,0,0,0,0,0,193,96.5,"average"
"734",234,0,0,0,0.7275,0,0.23,0.0425,0,0,172.75,127.25,"average"
"735",235,0,0.985,0,0,0.015,0,0,0,0,98.5,197,"average"
"736",236,0,0,0,0,0,1,0,0,0,100,200,"average"
"737",237,0.0125,0.01,0,0,0.0025,0,0.89,0.085,0,107,188.5,"average"
"738",238,0.0075,0,0,0,0,0,0.9925,0,0,99.25,198.5,"average"
"739",239,0,0,0.8225,0,0,0.16,0,0,0.0175,180.5,114.25,"average"
"740",240,0,0,0,0,0.0025,0.9975,0,0,0,99.75,199.5,"average"
"741",241,0.005,0,0,0,0,0,0.9925,0.0025,0,99.75,198.75,"average"
"742",242,0,0,0,1,0,0,0,0,0,200,100,"average"
"743",243,0,0.8775,0.11,0,0,0,0,0,0.0125,109.75,186.5,"average"
"744",244,0.005,0,0.025,0.1025,0,0.8675,0,0,0,112.25,186.25,"average"
"745",245,0,0,0.9075,0,0.005,0.0875,0,0,0,190.25,108.25,"average"
"746",246,0.0075,0,0,0.4825,0,0,0.51,0,0,147.5,150.25,"average"
"747",247,0,0.0025,0,0,0,0,0,0.9975,0,199.75,100.25,"average"
"748",248,0.025,0,0,0,0,0,0.975,0,0,97.5,195,"average"
"749",249,0,0,0,0,0.0075,0,0,0.99,0.0025,198,99,"average"
"750",250,0,0,0,0,0,1,0,0,0,100,200,"average"
"751",251,0,0,0.6375,0.04,0,0.3125,0.0025,0,0.0075,167,130.75,"average"
"752",252,0,0.0375,0,0,0.0125,0,0.0125,0.935,0.0025,192,103.5,"average"
"753",253,0.0025,0,0,0.995,0,0.0025,0,0,0,199.25,100,"average"
"754",254,0,0.105,0,0,0,0,0,0.895,0,189.5,110.5,"average"
"755",255,0.0125,0,0,0,0,0,0.9875,0,0,98.75,197.5,"average"
"756",256,0,0,0,0,0,0,0,0.9925,0.0075,198.5,99.25,"average"
"757",257,0,0.9875,0,0,0.0125,0,0,0,0,98.75,197.5,"average"
"758",258,0,0,0,0,0,0.9775,0,0,0.0225,97.75,195.5,"average"
"759",259,0.0125,0,0.9875,0,0,0,0,0,0,197.5,98.75,"average"
"760",260,0,0,0,0.035,0.01,0.955,0,0,0,102.5,194.5,"average"
"761",261,0.02,0.1175,0,0,0.005,0,0,0.8575,0,183.25,109.25,"average"
"762",262,0,0,0,0,0,0,0,1,0,200,100,"average"
"763",263,0,0,0.9975,0,0,0.0025,0,0,0,199.75,100.25,"average"
"764",264,0.0175,0,0.0025,0.57,0,0,0.41,0,0,155.5,139.25,"average"
"765",265,0,0,0,0.975,0.0075,0,0.0175,0,0,196.75,101,"average"
"766",266,0,0.16,0,0,0.0175,0,0.0075,0.815,0,179.75,115,"average"
"767",267,0,0,0,0,0.035,0,0.9475,0.0175,0,98.25,191.25,"average"
"768",268,0.025,0.0075,0,0.0025,0.0075,0,0.905,0.0525,0,102.25,188,"average"
"769",269,0.005,0,0,0.995,0,0,0,0,0,199,99.5,"average"
"770",270,0.01,0,0.9875,0,0,0,0,0,0.0025,197.5,98.75,"average"
"771",271,0,0.9975,0,0,0.0025,0,0,0,0,99.75,199.5,"average"
"772",272,0,0.1925,0.0125,0,0.005,0,0,0.79,0,179.75,118.75,"average"
"773",273,0,0.0425,0,0,0.0025,0,0.7375,0.215,0.0025,121,177.5,"average"
"774",274,0,0,0,0,0,0,0.9725,0,0.0275,97.25,194.5,"average"
"775",275,0,0,0,0,0,0,0,0.995,0.005,199,99.5,"average"
"776",276,0,0.9975,0,0,0.0025,0,0,0,0,99.75,199.5,"average"
"777",277,0,0,0.7025,0.0075,0,0.285,0,0,0.005,170.5,128,"average"
"778",278,0,0,0,0,0,0,0.9975,0.0025,0,100.25,199.75,"average"
"779",279,0,0,0,0,0.01,0,0,0.9875,0.0025,197.5,98.75,"average"
"780",280,0,0,0,0,0,0,0,1,0,200,100,"average"
"781",281,0,0,0,0,0.01,0,0.9675,0.0225,0,101.25,195.75,"average"
"782",282,0,0,0,0.9,0.0125,0,0.0775,0.01,0,189.75,106.5,"average"
"783",283,0.01,0,0.99,0,0,0,0,0,0,198,99,"average"
"784",284,0,0,0,0,0,0,0,1,0,200,100,"average"
"785",285,0.005,0,0,0.98,0.015,0,0,0,0,196,98,"average"
"786",286,0,0,0,0,0.015,0,0,0.9825,0.0025,196.5,98.25,"average"
"787",287,0.02,0,0,0.5475,0,0,0.4275,0.0025,0.0025,152.75,140.5,"average"
"788",288,0,0.025,0,0,0,0,0,0.975,0,197.5,102.5,"average"
"789",289,0,0.9975,0,0,0.0025,0,0,0,0,99.75,199.5,"average"
"790",290,0,0,0,0,0,1,0,0,0,100,200,"average"
"791",291,0.01,0,0,0,0,0,0.99,0,0,99,198,"average"
"792",292,0,0,0.465,0,0.005,0.5225,0,0,0.0075,145.25,151,"average"
"793",293,0,0.9925,0,0,0.0075,0,0,0,0,99.25,198.5,"average"
"794",294,0,0,0,0,0,0.9525,0.0025,0,0.045,95.5,191,"average"
"795",295,0.0075,0.985,0,0,0.0075,0,0,0,0,98.5,197,"average"
"796",296,0.01,0.9375,0.0525,0,0,0,0,0,0,104.25,192.75,"average"
"797",297,0,0,0,0.9925,0.0075,0,0,0,0,198.5,99.25,"average"
"798",298,0,1,0,0,0,0,0,0,0,100,200,"average"
"799",299,0,0,0,0,0,0,0,1,0,200,100,"average"
"800",300,0.005,0.0825,0,0,0,0,0,0.9125,0,190.75,107.75,"average"
"801",301,0,0,0,0.75,0,0,0.245,0.005,0,175.5,124.5,"average"
"802",302,0,0.57,0.3675,0,0.005,0.0575,0,0,0,136.25,162.25,"average"
"803",303,0,0,0,0.7275,0,0.155,0.11,0,0.0075,172,125.75,"average"
"804",304,0,0,0,0,0,0,0.99,0,0.01,99,198,"average"
"805",305,0,0,0,0,0,0,0,0.9775,0.0225,195.5,97.75,"average"
"806",306,0,0.9975,0.0025,0,0,0,0,0,0,100.25,199.75,"average"
"807",307,0,0,0,0,0,0,0.975,0,0.025,97.5,195,"average"
"808",308,0,0,0,0.99,0.01,0,0,0,0,198,99,"average"
"809",309,0,0,0,0.0625,0,0.9375,0,0,0,106.25,193.75,"average"
"810",310,0,0,0,0,0,0,0,0.9975,0.0025,199.5,99.75,"average"
"811",311,0,0,0,0,0,0,0.9975,0.0025,0,100.25,199.75,"average"
"812",312,0,0.5075,0.0175,0,0.0025,0,0,0.4725,0,148.75,150.5,"average"
"813",313,0,0,0,0.2575,0.005,0.7375,0,0,0,125.25,173.25,"average"
"814",314,0.01,0.0825,0,0,0.005,0,0,0.9025,0,188.75,106.75,"average"
"815",315,0,0.0325,0,0,0.0025,0,0,0.96,0.005,195.25,102.5,"average"
"816",316,0,0,0,0,0,0.98,0,0.0025,0.0175,98.5,196.25,"average"
"817",317,0,0,0,0,0,0,0,1,0,200,100,"average"
"818",318,0,0,0,0,0.0075,0,0,0.9775,0.015,195.5,97.75,"average"
"819",319,0,0,0,0,0,0,0,0.9925,0.0075,198.5,99.25,"average"
"820",320,0,0.17,0.7025,0.0025,0,0.125,0,0,0,170.5,129.5,"average"
"821",321,0.015,0,0.98,0,0,0,0,0,0.005,196,98,"average"
"822",322,0.005,0.11,0,0,0,0,0,0.885,0,188,110.5,"average"
"823",323,0,0.7075,0.28,0,0,0.0125,0,0,0,128,172,"average"
"824",324,0.0175,0,0.9825,0,0,0,0,0,0,196.5,98.25,"average"
"825",325,0.015,0.2325,0.7525,0,0,0,0,0,0,173.75,121.75,"average"
"826",326,0,0,0,0,0,0,0,0.99,0.01,198,99,"average"
"827",327,0,0,0.5475,0.0425,0.0125,0.395,0,0,0.0025,157.5,138,"average"
"828",328,0.0025,0,0,0,0,0,0.8525,0.1325,0.0125,111.75,183.75,"average"
"829",329,0,0,0,0,0.0075,0.985,0,0,0.0075,98.5,197,"average"
"830",330,0,0,0.985,0,0,0,0,0,0.015,197,98.5,"average"
"831",331,0,0,0,0.7075,0.01,0.2825,0,0,0,169.75,127.25,"average"
"832",332,0,0,0,0,0,0.9875,0,0,0.0125,98.75,197.5,"average"
"833",333,0.005,0,0.9925,0,0,0.0025,0,0,0,198.75,99.75,"average"
"834",334,0,0,0,0,0.0075,0,0,0.9925,0,198.5,99.25,"average"
"835",335,0,0,0.795,0.0125,0.0075,0.1825,0,0,0.0025,179.75,117.25,"average"
"836",336,0,0,0,0,0,1,0,0,0,100,200,"average"
"837",337,0,0,0,0,0.0025,0.9925,0,0,0.005,99.25,198.5,"average"
"838",338,0,0.0025,0,0,0,0,0.6575,0.34,0,134,166,"average"
"839",339,0,0.995,0,0,0.005,0,0,0,0,99.5,199,"average"
"840",340,0,1,0,0,0,0,0,0,0,100,200,"average"
"841",341,0,0,0,0,0.02,0,0,0.9775,0.0025,195.5,97.75,"average"
"842",342,0.01,0,0,0.9875,0.0025,0,0,0,0,197.5,98.75,"average"
"843",343,0,0,0,0,0.01,0,0,0.9875,0.0025,197.5,98.75,"average"
"844",344,0.0075,0,0.9825,0,0,0,0,0,0.01,196.5,98.25,"average"
"845",345,0.035,0,0.965,0,0,0,0,0,0,193,96.5,"average"
"846",346,0.0025,0,0,0.9975,0,0,0,0,0,199.5,99.75,"average"
"847",347,0,0,0,0,0,0,1,0,0,100,200,"average"
"848",348,0.03,0,0,0.855,0,0,0.115,0,0,182.5,108.5,"average"
"849",349,0.01,0,0,0.975,0,0,0.015,0,0,196.5,100.5,"average"
"850",350,0.0175,0,0.9825,0,0,0,0,0,0,196.5,98.25,"average"
"851",351,0.005,0,0.9875,0,0,0,0,0,0.0075,197.5,98.75,"average"
"852",352,0.01,0.99,0,0,0,0,0,0,0,99,198,"average"
"853",353,0.025,0,0,0,0,0,0.975,0,0,97.5,195,"average"
"854",354,0,0,0,0,0,0.985,0,0,0.015,98.5,197,"average"
"855",355,0.02,0,0,0,0,0,0.98,0,0,98,196,"average"
"856",356,0,0,0,0,0.0025,0.9925,0,0,0.005,99.25,198.5,"average"
"857",357,0,0,0,0,0.0025,0,0,0.9825,0.015,196.5,98.25,"average"
"858",358,0.0225,0,0,0.885,0,0,0.09,0.0025,0,186.5,106.75,"average"
"859",359,0,0,0,0,0,0,0.995,0,0.005,99.5,199,"average"
"860",360,0.0025,0.1775,0,0,0,0,0,0.82,0,181.75,117.5,"average"
"861",361,0.005,0,0.995,0,0,0,0,0,0,199,99.5,"average"
"862",362,0.01,0,0.9875,0,0,0.0025,0,0,0,197.75,99.25,"average"
"863",363,0.0175,0,0,0,0,0,0.9825,0,0,98.25,196.5,"average"
"864",364,0,0,0,0,0,0,0.9975,0,0.0025,99.75,199.5,"average"
"865",365,0,0,0,0,0.0025,0,0,0.9775,0.02,195.5,97.75,"average"
"866",366,0,0,1,0,0,0,0,0,0,200,100,"average"
"867",367,0.005,0,0.98,0,0,0,0,0,0.015,196,98,"average"
"868",368,0,0.9875,0,0,0.0125,0,0,0,0,98.75,197.5,"average"
"869",369,0,0,0,0,0,0,0.9775,0.0175,0.005,101.25,197.25,"average"
"870",370,0.0075,0,0.9925,0,0,0,0,0,0,198.5,99.25,"average"
"871",371,0,0,0,0,0.015,0,0.95,0.035,0,102,193.5,"average"
"872",372,0.02,0,0.98,0,0,0,0,0,0,196,98,"average"
"873",373,0,0,0,0,0.0125,0,0.9375,0.045,0.005,102.75,192,"average"
"874",374,0,0,0,0,0,1,0,0,0,100,200,"average"
"875",375,0,0,0,0.18,0.0125,0.8075,0,0,0,116.75,179.5,"average"
"876",376,0,0,0,0.9875,0,0,0.0125,0,0,198.75,101.25,"average"
"877",377,0.0025,0,0,0,0,0,0.9975,0,0,99.75,199.5,"average"
"878",378,0,0,1,0,0,0,0,0,0,200,100,"average"
"879",379,0,0.99,0,0,0.01,0,0,0,0,99,198,"average"
"880",380,0,0,0.0025,0,0,0.995,0,0,0.0025,100,199.25,"average"
"881",381,0.0125,0,0,0,0,0,0.9875,0,0,98.75,197.5,"average"
"882",382,0,0,0,0,0,0,1,0,0,100,200,"average"
"883",383,0,0,0.4675,0,0.0075,0.5225,0,0,0.0025,145.75,151.25,"average"
"884",384,0.01,0,0.99,0,0,0,0,0,0,198,99,"average"
"885",385,0,0,0.9975,0,0,0,0,0,0.0025,199.5,99.75,"average"
"886",386,0.015,0.0025,0,0,0,0,0.9825,0,0,98.5,197,"average"
"887",387,0,0,0,0.1625,0.0125,0.825,0,0,0,115,181.25,"average"
"888",388,0,0.4575,0,0,0.0075,0,0,0.535,0,152.75,145,"average"
"889",389,0,0.015,0,0,0.0025,0,0.6575,0.3125,0.0125,129.75,165.75,"average"
"890",390,0,0,0,0,0,0,1,0,0,100,200,"average"
"891",391,0,0,0.755,0,0.0025,0.2325,0,0,0.01,174.25,122,"average"
"892",392,0,0,0,0,0,0.9975,0,0,0.0025,99.75,199.5,"average"
"893",393,0,0,0,0,0,0,0.41,0.57,0.02,155,139,"average"
"894",394,0,0,0,0,0,0.985,0,0,0.015,98.5,197,"average"
"895",395,0.0075,0,0,0.0025,0,0,0.99,0,0,99.5,198.25,"average"
"896",396,0.0075,0,0,0,0,0,0.99,0,0.0025,99,198,"average"
"897",397,0.0075,0,0,0,0,0,0.9925,0,0,99.25,198.5,"average"
"898",398,0,0,0.425,0.03,0,0.545,0,0,0,145.5,154.5,"average"
"899",399,0,0,0,0,0,0,0.1525,0.8425,0.005,183.75,114.75,"average"
"900",400,0,0,0,0.9875,0.0125,0,0,0,0,197.5,98.75,"average"
"901",401,0.015,0.7825,0,0,0.0025,0,0,0.2,0,118.25,176.5,"average"
"902",402,0.0075,0,0,0,0,0,0.9925,0,0,99.25,198.5,"average"
"903",403,0,0,0,0,0,0,0,1,0,200,100,"average"
"904",404,0.005,0,0,0.075,0,0.8925,0.0275,0,0,107,191.5,"average"
"905",405,0,0.9825,0,0,0.0175,0,0,0,0,98.25,196.5,"average"
"906",406,0,0,0,1,0,0,0,0,0,200,100,"average"
"907",407,0.0125,0,0.9425,0,0,0.035,0,0,0.01,192,101.25,"average"
"908",408,0,0,0,0,0,0,0,0.99,0.01,198,99,"average"
"909",409,0,0.0025,0.9975,0,0,0,0,0,0,199.75,100.25,"average"
"910",410,0.015,0.0025,0,0.98,0,0,0.0025,0,0,196.5,99,"average"
"911",411,0,0,0,0.975,0,0,0.025,0,0,197.5,102.5,"average"
"912",412,0.005,0,0,0.29,0,0,0.6975,0.0075,0,129.25,169.25,"average"
"913",413,0,0,0.1725,0.02,0.0025,0.805,0,0,0,119,180.25,"average"
"914",414,0,0,0,0.035,0.01,0.9525,0,0,0.0025,102.25,194,"average"
"915",415,0,0,0,0,0,0,0,0.9925,0.0075,198.5,99.25,"average"
"916",416,0,0,0,0.3325,0.0025,0.665,0,0,0,133,166.25,"average"
"917",417,0,0,0,0,0,0,0,0.9925,0.0075,198.5,99.25,"average"
"918",418,0,0.8025,0.185,0,0,0,0,0,0.0125,117.25,179,"average"
"919",419,0,0.9975,0,0,0.0025,0,0,0,0,99.75,199.5,"average"
"920",420,0,0.9225,0.0775,0,0,0,0,0,0,107.75,192.25,"average"
"921",421,0,0,0,0,0,0,0,1,0,200,100,"average"
"922",422,0,0,1,0,0,0,0,0,0,200,100,"average"
"923",423,0.015,0,0.9825,0,0,0.0025,0,0,0,196.75,98.75,"average"
"924",424,0,0,0,0.1225,0.0075,0.87,0,0,0,111.5,186.25,"average"
"925",425,0.0125,0,0,0.9875,0,0,0,0,0,197.5,98.75,"average"
"926",426,0,0,0,0,0,0,1,0,0,100,200,"average"
"927",427,0,0,0.9325,0,0,0.0675,0,0,0,193.25,106.75,"average"
"928",428,0,0.925,0.0675,0,0,0,0,0,0.0075,106,191.75,"average"
"929",429,0.005,0,0,0,0,0,0.9875,0,0.0075,98.75,197.5,"average"
"930",430,0,0.255,0.7125,0.005,0.0075,0.02,0,0,0,171,126.75,"average"
"931",431,0.0125,0.9825,0,0,0.005,0,0,0,0,98.25,196.5,"average"
"932",432,0.005,0.65,0.34,0,0,0.005,0,0,0,133.5,165,"average"
"933",433,0,0,0,0.9875,0.005,0,0.0075,0,0,198.25,100.25,"average"
"934",434,0.015,0.4,0.585,0,0,0,0,0,0,157,138.5,"average"
"935",435,0.0025,0,0,0.5775,0.0025,0,0.3625,0.0375,0.0175,159.25,134,"average"
"936",436,0.005,0,0.995,0,0,0,0,0,0,199,99.5,"average"
"937",437,0,0,0.7875,0,0,0.205,0,0,0.0075,178,119.75,"average"
"938",438,0.0025,0,0,0.64,0,0,0.3575,0,0,163.75,135.5,"average"
"939",439,0,0,0,0,0,0,0,0.985,0.015,197,98.5,"average"
"940",440,0,0,0,0,0,0,0,1,0,200,100,"average"
"941",441,0.005,0.0025,0,0,0,0,0.87,0.1025,0.02,107.75,184.75,"average"
"942",442,0.0025,0,0,0.975,0.0225,0,0,0,0,195,97.5,"average"
"943",443,0.0125,0,0,0,0,0,0.9875,0,0,98.75,197.5,"average"
"944",444,0,0,0,0,0,0,1,0,0,100,200,"average"
"945",445,0.02,0,0.98,0,0,0,0,0,0,196,98,"average"
"946",446,0,0.995,0,0,0.005,0,0,0,0,99.5,199,"average"
"947",447,0,0,0,0,0.005,0.975,0,0,0.02,97.5,195,"average"
"948",448,0,0,0,0,0.0025,0.9825,0,0,0.015,98.25,196.5,"average"
"949",449,0.0025,0,0,0.7675,0.0025,0,0.1925,0.035,0,179.75,118.75,"average"
"950",450,0,0,0,0,0,0,1,0,0,100,200,"average"
"951",451,0.01,0,0,0,0,0,0.99,0,0,99,198,"average"
"952",452,0,0,0,0,0,0.995,0,0,0.005,99.5,199,"average"
"953",453,0.0025,0,0,0,0,0,0.9975,0,0,99.75,199.5,"average"
"954",454,0,0,0,0,0,0,1,0,0,100,200,"average"
"955",455,0.0175,0,0,0.9775,0.005,0,0,0,0,195.5,97.75,"average"
"956",456,0,0,0,0.89,0.0075,0,0.0925,0.005,0.005,188.25,108,"average"
"957",457,0.0025,0,0.9975,0,0,0,0,0,0,199.5,99.75,"average"
"958",458,0,0,0,0,0,0,0,0.995,0.005,199,99.5,"average"
"959",459,0,0.4825,0.005,0,0,0,0,0.5025,0.01,149.75,147.25,"average"
"960",460,0,0.99,0,0,0.01,0,0,0,0,99,198,"average"
"961",461,0,0.345,0,0,0.0125,0,0,0.6425,0,163,133.25,"average"
"962",462,0,0,0,0,0.02,0,0,0.975,0.005,195,97.5,"average"
"963",463,0,1,0,0,0,0,0,0,0,100,200,"average"
"964",464,0,0,0,0,0,1,0,0,0,100,200,"average"
"965",465,0.0075,0.0025,0,0.0925,0.02,0,0.8325,0.045,0,111,180.75,"average"
"966",466,0,0.9825,0,0,0.0175,0,0,0,0,98.25,196.5,"average"
"967",467,0,0,0,0,0,0,0,0.985,0.015,197,98.5,"average"
"968",468,0,0,0,0.9975,0,0.0025,0,0,0,199.75,100.25,"average"
"969",469,0,0,0,0,0,0,0.4425,0.5575,0,155.75,144.25,"average"
"970",470,0,0.0025,0,0,0.0025,0,0.8625,0.13,0.0025,112.5,186,"average"
"971",471,0,0,1,0,0,0,0,0,0,200,100,"average"
"972",472,0,0,0,0,0,0,0,0.99,0.01,198,99,"average"
"973",473,0.0125,0,0,0,0,0,0.985,0.0025,0,99,197.25,"average"
"974",474,0,1,0,0,0,0,0,0,0,100,200,"average"
"975",475,0,0,0,0,0.01,0,0,0.99,0,198,99,"average"
"976",476,0.02,0,0.0025,0.0075,0,0.97,0,0,0,99,195,"average"
"977",477,0.0225,0.0625,0.0275,0,0,0,0.0025,0.875,0.01,187,103.25,"average"
"978",478,0,0,1,0,0,0,0,0,0,200,100,"average"
"979",479,0,0,0,0.99,0.01,0,0,0,0,198,99,"average"
"980",480,0,0,0,0.975,0.025,0,0,0,0,195,97.5,"average"
"981",481,0,0,0,0,0,0,0.995,0,0.005,99.5,199,"average"
"982",482,0.0025,0,0.99,0,0,0.0075,0,0,0,198.75,100.5,"average"
"983",483,0.0175,0,0.9825,0,0,0,0,0,0,196.5,98.25,"average"
"984",484,0,0,0,0,0,0,1,0,0,100,200,"average"
"985",485,0,0.9975,0,0,0.0025,0,0,0,0,99.75,199.5,"average"
"986",486,0,0.995,0,0,0.005,0,0,0,0,99.5,199,"average"
"987",487,0.01,0.3025,0.6875,0,0,0,0,0,0,167.75,129.25,"average"
"988",488,0,0,0,0.1225,0.01,0.85,0.01,0.0025,0.005,111,184.5,"average"
"989",489,0,0,0.9825,0,0,0,0,0,0.0175,196.5,98.25,"average"
"990",490,0,0.6775,0.065,0,0.0025,0.005,0,0.25,0,131.25,168,"average"
"991",491,0.0175,0,0,0,0,0,0.9675,0.015,0,99.75,195,"average"
"992",492,0,0.9975,0,0,0.0025,0,0,0,0,99.75,199.5,"average"
"993",493,0.005,0.7725,0.2175,0,0,0,0,0,0.005,120.75,176.25,"average"
"994",494,0.005,0,0.995,0,0,0,0,0,0,199,99.5,"average"
"995",495,0,0,0,0,0,0,0.2225,0.755,0.0225,173.25,120,"average"
"996",496,0.0225,0,0,0,0,0,0.97,0,0.0075,97,194,"average"
"997",497,0,0,0,0,0,0,0,0.985,0.015,197,98.5,"average"
"998",498,0,0,0,0,0.0025,0.995,0,0,0.0025,99.5,199,"average"
"999",499,0.005,0,0.995,0,0,0,0,0,0,199,99.5,"average"
"1000",500,0,0,0,1,0,0,0,0,0,200,100,"average"
